Year,Month,emktrf,SMB,HML,RF,R1,R2,R3,R4,R5,R6,R7,R8,R9,R10,R11,R12,R13,R14,R15,R16,R17,R18,R19,R20,R21,R22,R23,R24,R25
1963,7,-0.44,-0.46,-0.97,0.27,1.04,0.15,0.62,0.11,-1.32,-1.87,0.29,-0.84,-1.9,-1.19,-1.84,-1.87,-0.88,-2.21,-1.8,-0.81,-1.48,-2.28,-1.67,-1.86,0.15,0.35,1.17,-0.45,-1.11
1963,8,5.02,-1.08,1.79,0.25,3.72,2.13,1.3,2.39,4.67,5.4,4.65,4.36,4.33,8.23,5.36,4.62,5.57,4.72,5.15,5.59,4.82,6.17,7.56,5.35,5.78,4.34,4.66,8.16,6.25
1963,9,-1.46,-0.32,0.19,0.27,-2.76,0.26,-1.08,-1.6,-0.47,-3.92,-1.57,-0.64,-1.13,-2.91,-4.65,-1.52,-0.57,-0.1,-1.82,-2.59,-1.95,-2,-3.58,-1.99,-1.39,-0.75,-0.98,-0.12,-3.82
1963,10,2.48,-0.58,-0.02,0.29,1.09,-0.59,1.23,0.1,2.27,1.19,4.3,2.34,2.26,3.93,2.26,0.5,2.6,2.16,1.07,-0.26,0.88,2.32,5.34,0.61,5.33,1.73,-0.23,2.36,0.48
1963,11,-0.82,-1.06,1.59,0.27,-2.5,-4.33,-1.6,-1.03,-1.1,-4.18,-1.76,-0.71,-0.09,-0.11,-2.92,-1.58,-0.94,-0.9,-1.21,-0.98,-0.98,-0.3,1.15,3.54,-1.27,0.98,-1.56,-2.05,1.37
1963,12,1.88,-2,0.02,0.29,-2.94,-0.59,-0.86,-1.65,-1,-0.68,-0.91,1.15,0.97,0.12,0.6,1.17,1.5,1.52,0.47,-0.16,1.43,1.48,3.14,6.15,2.6,2.3,2.27,2.38,2.37
1964,1,2.28,-0.16,1.55,0.3,4.11,3.17,4.11,4.14,5.08,-1.8,-0.64,3.67,1.49,4.23,0.5,0.57,2.59,4.03,3.22,-0.36,1.73,1.41,3.62,3.34,3.11,3.17,1.85,2.11,1.42
1964,2,1.46,0.03,2.89,0.26,2.48,2.72,2.19,0.3,4.5,1.62,1.73,2.51,2.01,6.1,0.31,2.61,1.8,3.58,4.01,2.71,1.24,3.31,7.45,4.61,1.82,0.52,1.02,3.87,3.96
1964,3,1.45,0.93,3.4,0.31,0.58,1.16,2.34,3.55,2.68,2.32,3.24,3.54,5.69,6.15,-0.63,2.61,4.52,5.55,6.75,1.87,2.6,5.72,6.95,0.72,1.18,0.71,3.93,4.01,-0.39
1964,4,0.17,-1.39,-0.5,0.29,-1.78,2.53,-0.38,-0.89,-0.97,-0.76,-4.07,0.61,-1.49,-0.66,-2.01,-1.15,0.35,-0.85,-1.02,-2.7,0.76,1.54,-2.06,-2.28,0.25,1.55,0.64,-1,2.81
1964,5,1.48,-0.92,1.93,0.26,-1.65,-0.89,0.27,0.34,1.58,3.13,0.36,2.96,1.82,3.74,-0.49,1.63,-0.29,1.94,2.5,1.18,2.33,1.27,2.61,4.1,2.07,0.34,1.25,4.22,3.45
1964,6,1.21,-0.27,0.73,0.3,2.26,0.31,1.5,0.8,1.27,0.88,1.68,1.6,1.15,2.21,0.86,2.2,2.22,2.48,1.24,1.16,1.4,1.17,2.88,3.11,0.93,2.89,0.4,1.37,2.46
1964,7,1.71,0.16,0.8,0.3,0.84,4.09,3.16,2.74,4.7,1.06,1.72,3.99,3.06,2.48,2.42,2.58,3.12,3.19,1.67,1.58,3.4,1.67,1.6,2.67,2.57,0.59,3.95,1.79,0.81
1964,8,-1.41,-0.01,0.25,0.28,1.23,-1.98,-1.74,-0.94,-0.44,-1.79,-2.55,-1.04,0.08,-1.66,-2.83,-0.76,0.5,-0.15,-1.92,-1.09,0.14,1.03,-0.02,-0.74,-1.26,-1.61,-0.07,-0.86,-2.97
1964,9,2.77,-0.71,1.79,0.28,4.7,4.36,6.02,2.71,3.96,3.54,2.27,2.5,2.19,4.61,1.39,1.95,3.19,3.26,3.69,3.15,3.37,4.35,4.66,4.36,3.09,1.25,4.44,4.59,7.13
1964,10,0.6,0.45,1,0.29,1.83,0.38,2.36,2.33,3.27,-1.48,1.9,2.07,1.19,1.48,3.45,3.54,1.8,1.31,2.66,1.03,1.12,1.32,3.1,3.85,0.35,1.16,0.35,0.38,4.12
1964,11,0.02,0.66,-1.95,0.29,-0.13,-0.17,0.78,0.67,0.4,-0.7,-0.25,0.16,-0.61,-1.77,1.5,0.46,-0.06,0.48,-0.06,0.71,1.43,-0.82,-0.6,-4.68,1.04,-0.35,1.49,-1.35,-4.47
1964,12,0.06,-0.3,-2.54,0.31,-1.47,-1.81,-2.55,-2.49,-2.01,1.43,0.08,0.59,-1.63,-1.51,0,0.91,-0.44,-1.8,-0.81,1.07,0.06,-1.46,-1.2,-1.44,0.83,1.42,-0.93,-1.18,-1.3
1965,1,3.58,2.5,0.43,0.28,8.67,5.85,5.85,7.26,8.93,7.65,5.98,5.57,5.69,6.49,5.25,6.23,5.3,5.89,7.09,6.59,4.11,5.48,4.94,6.68,4.71,1.15,3.1,3.6,3.68
1965,2,0.39,3.28,0.43,0.3,1.47,1.37,2.53,3.12,3.72,3.44,4.02,3.67,3.54,3.54,3.81,4.94,4.74,2.9,4.01,1.45,3.47,4.09,2.91,1.05,0.17,-0.1,0.08,-0.38,-1.24
1965,3,-1.33,1.77,1.12,0.36,1.36,2.78,1.15,2.42,3.34,2.02,-1.5,1.03,1.38,0.49,-0.13,-0.36,-0.37,1.56,1.26,-0.71,-0.34,-0.28,0.44,1.25,-1.31,-1.66,-1.64,-0.6,0.32
1965,4,3.06,1.06,0.81,0.31,3.35,4.68,4.9,4.29,4.4,0,4.51,4.62,4.76,5.09,2.76,2.99,4.4,3.43,6.01,2.89,3.01,4.72,4.4,2.72,4.58,1.89,2.11,2.15,4.62
1965,5,-0.75,0.06,-1.59,0.31,-0.59,-2.38,-1.57,-0.4,-1.21,1.27,-1.37,-0.9,-0.37,-2.17,-0.46,0.38,-1.48,-0.8,-0.02,-0.97,-0.08,-0.97,-0.41,-4.08,-0.73,0.86,-0.23,-0.6,-3.36
1965,6,-5.54,-4.18,0.41,0.35,-12.4,-10.66,-9.55,-8.02,-9.58,-10.38,-8.35,-9.09,-8.47,-8.15,-6.93,-9.31,-8.46,-8.72,-8.5,-6.55,-6.96,-8.06,-8.61,-8.3,-4.42,-3.64,-4.98,-3.65,-5.61
1965,7,1.37,0.87,2.22,0.31,2.34,3.85,3.22,2.35,4.31,3.88,1.18,2.69,3.71,4.22,1.1,4.59,2.52,4.39,4.85,2.71,2.93,4.21,2.71,6.42,1.52,-0.05,1.89,3.87,4.82
1965,8,2.76,2.86,-1.02,0.33,2.89,5.54,5.46,3.85,3.95,7.46,3.94,5.07,4.54,4.09,7.73,5.17,7.44,3.54,6.23,4.19,3.92,5.43,3.03,4.88,3.26,1.32,3.49,1.12,2.17
1965,9,2.89,0.62,-0.1,0.31,3.05,7.02,0.85,3.91,3.17,5.55,3.88,2.91,4.87,2.85,2.44,4.46,2.52,5.15,4.6,3.73,3.68,1.72,2.76,4.06,3.93,2.32,2.48,3.52,3.22
1965,10,2.62,2.42,1.64,0.31,6,8.71,6.54,5.66,8.99,4.7,7.14,4.05,5.67,5.26,4.69,4.39,5.77,5.36,5.36,4.23,3,3.24,4.29,8.66,3.14,0.26,3.05,4.42,5.22
1965,11,-0.04,4.66,0.24,0.35,3.59,6,3.05,7.81,6.63,1.43,5.04,4.59,5.41,4.01,3.92,3.69,5.24,2.85,2.74,3.4,2.5,3.94,1.21,5.61,-0.3,-1.84,1.25,-1.28,-2.3
1965,12,1.02,2.07,2.06,0.33,6.4,7.09,2.92,3.97,5.04,3.75,4.49,4.01,2.65,7.25,2.53,1.6,3.74,1.98,5.49,1.18,1.43,1.31,4.49,5.56,1.01,-0.2,1.26,2.8,2.71
1966,1,0.83,3.86,3.58,0.38,5.87,6.8,7.85,9.7,9.26,4.94,5.35,5.01,5.27,6.47,4.6,2.66,2.83,4.7,6.31,0.63,2.08,5.04,4.22,6.25,-0.37,-0.57,1.73,3.06,3.15
1966,2,-1.21,4.44,0.39,0.35,6.5,6.09,1.37,4.69,6.14,5.08,5.3,1.86,-0.11,3.41,-0.04,1.88,4.24,2.66,2.77,2.31,-1.6,0.82,0.45,2.49,-1.33,-2.3,-1.69,-1.97,-1.72
1966,3,-2.47,0.97,-1.95,0.38,0.6,-0.81,-1.59,-0.88,-0.69,0.18,-1.71,-2.25,-3.64,-1.62,-1.61,-4.83,-2.14,-3.49,-3.78,-0.08,-1.26,-3.68,-2.41,-2.87,-1.47,-3.44,-1.09,-2.15,-5.06
1966,4,2.14,3.43,-0.39,0.34,10.43,4.51,6.22,6.61,3.96,2.7,4.75,3.64,8.13,8.68,3.51,4.44,3.19,4.11,2.86,4.04,2.51,3.97,4.48,1.13,2.11,1.91,1.22,2.41,1.8
1966,5,-5.66,-4.66,-1.67,0.41,-12.39,-13.05,-10.86,-10.7,-11.85,-9.81,-9.77,-9.04,-10.04,-9.16,-5.75,-7.71,-7.89,-10.06,-9.77,-5.11,-5.05,-7.27,-8.55,-10.49,-4.19,-3.86,-4.73,-5.51,-5.46
1966,6,-1.41,1.07,0.58,0.38,-0.68,-0.08,0.89,1.59,0.36,1.36,0.13,0.24,-0.51,0.28,-0.3,-0.11,2.61,-0.24,-0.75,-1.06,-0.39,0.01,3.71,0.86,-2,-1.49,-0.69,0.86,-1.19
1966,7,-1.64,-0.48,1.08,0.35,-2.17,-1.71,-2.39,0.06,-1.04,-3.17,-1.23,-1.11,-1.69,-1.74,-0.97,-1.85,-0.71,-1.03,-1.38,-1,-1.36,-1.91,-2.63,-1.91,-1.69,-1.48,-0.75,0.91,-1.4
1966,8,-7.95,-3.32,0.52,0.41,-11.65,-10.95,-10.02,-10.97,-10.43,-12.77,-10.6,-9.55,-9.68,-11,-10.58,-8.72,-8.12,-9.83,-8.72,-9.36,-7.73,-7.89,-6.92,-10.11,-7.19,-8.66,-5.77,-6.27,-7.82
1966,9,-1.1,-1.08,0.43,0.4,-1.83,-2.3,-1.49,-1.92,-1.19,-1.82,0.73,-2.19,-1.82,-1.81,-2.27,-4.6,0.26,-0.44,-1.42,-0.94,0.31,-1,-3.2,-0.01,-1.31,0.76,0.52,0.32,-1.8
1966,10,3.78,-6.56,2.83,0.45,-8.06,-4.46,-4.5,-0.98,-1.49,-5.36,-0.57,-0.94,0.32,-0.13,-2.07,1.63,3.3,4.89,1.65,0.36,5.04,3.74,3.94,1.48,2.94,5.69,9.16,6.36,6.28
1966,11,1.35,4.45,-4.8,0.4,8.74,3.14,4.38,2.29,3.71,7.76,2.73,7.62,1.93,2.56,9.86,6.78,0.96,4.68,0.52,8.38,1.44,1.31,1.94,1.11,3.67,1.85,-2.49,-1.58,-0.66
1966,12,0.22,1.93,-1.31,0.4,4.25,2.46,2.88,0.95,0.14,4.75,3.05,1.09,2.24,0.62,3.05,3.36,0.86,3.16,-0.45,3.18,2.19,1.59,3.66,2.2,-0.87,-0.01,1.6,-0.07,-0.32
1967,1,8.12,8.51,1.82,0.43,19.62,21.41,18.9,20.19,17.6,16.97,16.06,18.04,17.39,20.35,17.21,14.2,12.37,13.37,14.39,9.83,6.64,10.44,10.99,13.31,7.73,7.06,4.94,7.82,14.13
1967,2,0.73,3.31,-2.2,0.36,7.06,5.56,5.51,4.6,5.96,3.25,1.96,2.54,3.25,1.74,1.91,1.96,1.76,0.7,0.74,2.88,-0.47,-0.19,1.11,0.4,2.3,0.83,-0.8,-0.88,-1.3
1967,3,3.95,1.66,0.3,0.39,7.03,6.33,4.61,7.46,5.26,6.87,5.92,7.4,6.57,6.54,5.6,5.56,4.69,7.87,4.07,5.71,4.02,5.76,4.46,5.71,4.26,2.98,3.37,4.59,5.56
1967,4,3.84,0.59,-2.51,0.32,6.61,4.61,3.54,4.02,3.62,3.2,3.66,5.2,3.9,3.52,5.54,4.52,3.24,5.63,2.84,6.72,3.05,4.29,3.34,3.25,6.89,2.89,0.09,3.48,1.86
1967,5,-4.26,1.95,1,0.33,0.24,0.94,-0.95,-0.94,-0.62,-1.28,0.76,0.29,-2.63,-3.29,-3.24,-1.62,-1.7,0.06,-1.89,-2.33,-0.83,-2.1,-1.32,-0.55,-5.65,-4.11,-4.19,-3.76,-3.5
1967,6,2.42,5.97,1.08,0.27,15.77,9.79,11.46,12.27,10.16,10.25,6.23,7.56,9.41,6.27,4.82,8.26,4.22,4.92,3.66,3.02,2.25,3.74,6.78,6.44,1.42,0.4,1.71,2.98,2.9
1967,7,4.6,3.08,2.64,0.32,9.28,10.06,9.63,7.34,12.07,6.17,6.82,9.5,8.89,8.34,5.38,5.21,6.26,7.4,11.45,4.8,4.66,5.24,7.14,9.13,4.45,5.64,2.17,5.87,6.46
1967,8,-0.94,0.51,1.47,0.31,-0.68,0.62,0.32,0.29,2.1,-1.18,-1.31,0.68,0.5,0.92,-3.03,1.26,1.22,1.35,-0.26,-0.9,-0.97,-0.65,1.11,3.94,-0.57,-1.02,-1.47,0.46,1.34
1967,9,3.11,3.04,-2.48,0.32,12.01,9.9,8.32,7.6,4.87,5.1,5.89,7.08,5.44,2.84,5.66,2.27,2.86,4.48,2.77,3.64,1.54,2.53,3.53,0.43,3.8,3.15,3.38,1.62,0.25
1967,10,-3.13,1.41,-3.39,0.39,1.84,-4.08,-1.9,-1.35,-2.8,-0.77,-2.32,0.65,-2.56,-4.98,-3.5,-1.28,-3.53,-3.08,-2.72,-4.65,-5.5,-5.5,-2.55,-5.18,-0.25,-4.02,-2.93,-6.15,-6.51
1967,11,0.43,0.09,-1.76,0.36,-0.82,3.54,-1.09,-1.35,-1.27,1.09,0.58,2.44,-0.06,0.14,2.69,0.8,0.16,-0.26,-1.1,3.47,0.37,0.07,-0.11,-0.55,1.32,0.28,0.18,-0.55,0.06
1967,12,3.04,5.71,-0.43,0.33,12.85,10.61,8.74,9.96,9.9,12.4,6.29,9.21,7.27,9.66,7.7,6.11,5.66,5.45,6.52,1.51,2.75,4.35,4.56,4.01,1.95,3.05,2.32,5.59,2.79
1968,1,-4.03,3.94,4.79,0.4,3.14,2.56,2.95,3.35,6.08,-4.58,-2.17,-0.52,1.35,2.29,-6.88,-1.15,-0.68,-0.71,3.22,-8.07,0.16,-3.08,0.16,-0.73,-6.28,-5.85,0.51,-2.28,-3.85
1968,2,-3.75,-2.91,1.21,0.39,-10.07,-7.09,-5.39,-7.24,-5.24,-6.92,-6.26,-8.98,-3.32,-5.39,-6.9,-3.79,-2.95,-2.6,-4.73,-5.42,-3.46,-2.64,-5.02,-4.26,-3.02,-2.21,-2.11,-3.25,-1.9
1968,3,0.13,-1.33,-0.51,0.38,-1.4,-0.12,-0.3,-2.13,0,-0.39,-1.95,-0.14,-1.18,-0.53,2,-0.43,-2.27,0.73,-0.37,0.34,-0.19,-1.33,0.23,0.03,3.09,-1.38,-0.22,-1.79,2.03
1968,4,8.98,5.69,-1.15,0.43,21.29,17.72,16.28,16.63,15.53,18.99,12.91,17.78,12.11,12.72,16.16,11.24,8.57,10.62,17.84,12.77,7.32,8.65,12.8,11.53,10.74,7.4,3.5,9.41,10.51
1968,5,2.25,6.38,0.91,0.45,10.6,12.75,10.57,11.81,11.94,11.92,7.72,8.16,6.62,7.28,8.8,4.57,4.87,5,7.36,4.47,4.65,2.76,2.77,6.26,2.26,1.26,-0.8,-0.98,4.65
1968,6,0.72,-0.16,0.72,0.43,-0.88,-0.09,1.69,1.53,0.35,-1.14,1.76,-1.48,1.84,0.67,-2.02,2.93,3.4,1.89,1.02,-0.1,4.01,3.7,2.88,-2.45,-0.08,0.62,4.27,3.18,-1.6
1968,7,-2.68,-1.39,5.4,0.48,-4.76,-4.68,-3.48,-1.55,0.69,-8.87,-4,-2.48,-0.48,-0.29,-5.59,-3.91,-3.58,-0.78,-0.19,-5.47,-3.64,-3.75,-1.19,-2.21,-5.32,-1,2.6,0.89,1.14
1968,8,1.38,2.36,0.96,0.42,4.6,5.89,4.27,4.79,4.74,1.57,3.39,3.33,1.59,7.08,2.99,3.07,3.29,2.18,4.96,1.87,1.22,2.01,1.74,3.18,0.94,1.07,1.91,1.67,2.9
1968,9,4.02,2.78,0.23,0.43,7.31,8.5,6.96,6,6.27,7.09,6.35,7.18,5.87,6.27,6.89,6.59,3.2,6.17,6.38,6.55,6.07,5.24,6.75,5.69,1.95,5.38,2.5,4.25,8.3
1968,10,0.46,-0.56,2.99,0.44,-2.11,0.03,1.53,0.48,1.65,-0.31,0.73,2.06,1.88,0.95,-0.47,2.42,3.03,2.67,0.82,-0.33,0.5,2.25,0.85,2.52,-1.85,2.23,1.98,3.84,1.15
1968,11,5.43,2.36,-0.95,0.42,6.83,7.59,6.42,6.67,7.02,10.08,9.1,8.16,8.96,5.88,8.35,7.06,8.28,9.44,7.73,6.84,7.91,7.18,7.2,8.49,6.37,2.77,5.92,4.53,3.8
1968,12,-3.82,3.4,0.06,0.43,4,2.21,1.14,-0.43,0.55,-0.1,0.62,-1.62,-3.03,-3.54,-2.72,-4.01,-1.2,0.16,-2.87,-3.97,-4.52,-3.78,-1.79,-0.56,-5.28,-4.44,-2.99,-3.43,-3.03
1969,1,-1.2,-0.81,1.57,0.53,-0.59,-2.05,-2.34,-1.31,-1.38,-2.69,-1.03,-1.47,1.16,0.64,-3.48,-1.01,-0.84,-0.83,-1.21,-2.1,0.31,0.03,-0.33,1.28,-2.3,-0.26,0.73,-0.37,1.62
1969,2,-5.82,-3.89,0.91,0.46,-12.47,-10.71,-9.07,-8.84,-8.66,-11.05,-8.09,-4.77,-7.28,-7.44,-9.5,-8.32,-6.06,-7.02,-5.79,-8.15,-7.55,-4.81,-7.41,-8.81,-3.34,-3.22,-4.93,-4.63,-6.22
1969,3,2.59,-0.32,-0.42,0.46,3.11,2.57,3.32,4.32,2.37,4.23,1.67,2.11,0.4,5.41,1.82,2.29,0.64,2.77,2.74,4.79,-2.15,2.91,1.07,3.56,4.13,3.12,3.91,1.95,4.91
1969,4,1.52,-0.92,0.1,0.53,1.22,-0.52,0.99,2.55,0.13,1.55,1.17,1.37,-0.67,4.68,1.81,0.04,0.27,2.02,0.48,2.75,2.38,0.68,-1.24,2.14,3.7,1.26,0.89,3.01,0.82
1969,5,0.02,-0.35,0.85,0.48,1.02,0.94,0.7,0.91,0.36,-1.96,-1.52,-0.84,-0.06,0.49,-0.14,-0.12,1.3,1.55,-1.89,-0.26,-0.97,2.49,0.3,-2.42,-0.54,0.81,0.66,1.47,0.63
1969,6,-7.25,-5.26,-1.25,0.51,-14.31,-12.84,-13.34,-12.81,-12.26,-12.18,-11.04,-9.26,-10.15,-10.94,-9.89,-9.45,-11.28,-9.78,-9.05,-7.1,-8.77,-8.07,-7.37,-8.55,-1.52,-6.77,-7.81,-6.69,-8.45
1969,7,-7.05,-3.23,1.32,0.53,-12.94,-11.36,-11.01,-10.46,-7.88,-10.88,-9.93,-8.47,-7.16,-8.37,-9.88,-10.54,-6.48,-5.76,-7.62,-6.63,-8.17,-6.99,-5.54,-7.86,-4.02,-5.7,-6.28,-8.16,-5.71
1969,8,4.65,0.84,-3.79,0.5,5.05,4.72,5.11,3.29,2.67,7.32,6.47,3.9,3.4,2.67,9.38,8.09,7.17,2.66,5.6,9.92,5.62,4.48,3.58,2.77,7.01,4.8,3.92,4.43,1.98
1969,9,-2.88,1.18,-3.21,0.62,-2.85,-5.01,-5.1,-2.21,-3.36,1.35,-0.6,-1.78,-0.98,-1.42,0.01,0.49,-1.61,-2.23,-3.61,0.59,-1.61,-2.35,-2.96,-3.64,-0.49,-2.07,-2.61,-5.69,-4.59
1969,10,4.96,3.74,-3.11,0.6,14.31,12.43,9.24,7.94,6.32,10.98,8.22,7.07,6.46,6.97,8.89,6.98,7.37,8.57,6.89,8.95,7.66,8.1,6.2,5.24,5.98,5.67,4.33,2.2,3.86
1969,11,-3.74,-2.55,-1.13,0.52,-8.5,-7.23,-6.12,-6.04,-7.28,-3.73,-5.46,-3.07,-5.87,-5.32,-4.57,-4.38,-6.66,-3.27,-5.55,-2.13,-3.81,-3.27,-5.3,-5.89,-1.39,-3.37,-3.86,-4.52,-1.96
1969,12,-2.61,-3.63,-2.96,0.64,-8.18,-7.4,-6.02,-8.22,-8.49,-4.29,-5.66,-7.33,-6.54,-6.03,-3,-1.65,-4.17,-4.7,-5.1,0.43,-4.3,-1.92,-1.79,-4.02,1,-1.76,-1.48,-1.81,-5.24
1970,1,-7.93,2.97,3.01,0.6,-4.8,-3.14,-4.24,-2.47,0.24,-6.98,-6.45,-2.12,-4.08,-1.8,-9.56,-6.55,-8.06,-3.88,-3.42,-7.94,-11.46,-7.74,-6.18,-6,-8.52,-6.88,-8.4,-9.67,-4.35
1970,2,5.05,-2.42,3.94,0.62,2.32,3.66,3.77,3.18,4.58,2.72,2.84,2.74,8.18,7.06,4,2.19,5.81,5.57,7.4,4.3,5,6.58,8.91,6.94,3.57,5.84,9,6.9,8.16
1970,3,-1.04,-2.4,4.17,0.57,-6.57,-5.2,-2.56,0.31,-1.29,-5.87,-2.65,-0.1,-0.15,0.69,-3.89,-0.56,-1.22,1.84,1.08,-4.17,0.24,1.42,0.89,2.66,-2.46,0.24,2.84,0.64,1.61
1970,4,-11.03,-6.11,6.25,0.5,-24.09,-18.97,-14.76,-12.98,-12.25,-22.19,-16.62,-14.7,-10.91,-11.16,-20.37,-13.7,-13.43,-8.57,-10.83,-15.71,-15.05,-9.77,-9.68,-9.41,-10.52,-8.09,-9.15,-6.99,-8.06
1970,5,-6.96,-4.51,3.45,0.53,-10.07,-10.18,-9.13,-8.12,-10.37,-12.94,-8.81,-10.41,-8.29,-8.16,-11.1,-10.95,-13.2,-6.99,-7.57,-11.01,-9.91,-7.39,-7.45,-8.54,-8.03,-5.81,-5.08,-0.05,-4.06
1970,6,-5.69,-2.16,0.82,0.58,-12.3,-8.82,-7.12,-8.28,-6.2,-10.34,-6.75,-7.88,-7.04,-6.06,-8.5,-4.24,-7.06,-4.53,-6.97,-2.51,-5.57,-3.59,-3.11,-9.91,-6.27,-4.24,-3.78,-2.06,-8.25
1970,7,6.9,-0.57,0.98,0.52,5.06,5.09,5.2,6.69,3.76,6.92,7.56,5.91,10.51,7.47,7.53,6.63,9.65,5.51,7.05,5.92,9.64,8.22,9.05,11.02,4.5,8.26,9.02,10.72,6.14
1970,8,4.47,1.49,1.18,0.53,5.38,6.42,6.76,6.73,6.42,9.76,9.39,5.81,7.77,4.25,5.82,7.74,6.73,5.21,7.7,4.54,8.16,3.98,5.44,6.86,4.08,5.21,4.41,4.88,6.2
1970,9,4.21,8.63,-5.59,0.54,22.04,16.61,16.05,11.66,11.57,18.11,18.61,10.1,7.2,9.28,15.17,9.7,9.13,5.06,6,9.55,6.07,4.89,3.72,7.81,7.09,0.35,-0.22,0.3,4.39
1970,10,-2.28,-4.27,0.26,0.46,-11.17,-7.29,-11.25,-6.23,-5.14,-4.47,-8.12,-6.36,-3.91,-4.01,-5.86,-4.35,-6.3,-2.64,-4.43,-2.68,-3.39,-3.29,-3.39,-6.3,-0.13,-0.97,-3.58,0.14,-3.77
1970,11,4.58,-4.05,1.72,0.46,-4.59,-2.17,-2.06,0.36,0.29,0.83,1.15,2.96,5.79,3.56,2.93,3.24,4.47,4.97,1.82,4.73,3.18,6.32,8.47,4.57,5.11,6.83,5.03,5.94,5.68
1970,12,5.65,2.9,1.05,0.42,6.93,7.6,10.44,11.57,10.61,8.75,8.3,8.23,9.23,10.1,6.27,9.65,10.48,7.94,8.7,6.25,10.48,8.6,9.93,7.8,4.74,5.76,7.69,5.06,6.91
1971,1,4.82,7.56,1.45,0.38,15.02,13.86,16.33,14.02,16,7.54,13.19,12.78,11.23,13.06,8.25,8.62,11.09,7.77,8.6,5.24,7.21,5.05,8.67,14.03,4.03,4.35,3.3,2.85,4.03
1971,2,1.36,1.84,-1.34,0.33,8.13,7.35,5.85,3.32,4.13,4,3.6,2.93,1.48,0.97,4.07,1.7,2.42,1.28,1.88,3.43,3.15,0.27,3.18,1.09,2.31,0.37,0.63,0.54,1.25
1971,3,4.18,2.52,-3.96,0.3,8.01,4.85,8.07,6.66,4.98,7.96,6.77,5.75,4.55,1.57,10.41,8.98,3.42,3.24,5.08,6.93,5.99,4.77,2.32,3.74,5.72,2.83,4.83,1.52,2.5
1971,4,3.05,-0.48,0.95,0.28,0.68,3.38,1.92,2.67,1.89,2.23,2.44,2.02,3.4,6.81,6.19,4.77,4.98,2.03,7.97,2.89,3.31,1.9,4.02,9.35,3.52,5.74,0.71,2.59,6.15
1971,5,-3.93,-1.17,-1.31,0.29,-6.68,-5.05,-7.31,-4.91,-6.57,-3.47,-5.53,-5.22,-4.36,-4.65,-4.57,-3,-4.97,-3.7,-3.21,-2.14,-3.35,-4.12,-3.06,-4.41,-2.46,-4.34,-4.1,-5.06,-3.65
1971,6,-0.06,-1.37,-2.15,0.37,-0.52,-3.62,-2.61,-1.06,-2.2,4.05,-2.29,0.36,-1.96,-3.36,-1.69,2.45,-1.41,-1.87,-2.24,1.25,1.14,2.4,0.66,-4.15,1.19,-0.88,-0.36,0.88,-0.28
1971,7,-4.43,-1.43,-0.02,0.4,-8.56,-8.25,-7.34,-5.93,-5.91,-6.41,-4.79,-3.94,-6.19,-5.63,-8.02,-4.51,-3.13,-5.89,-5.82,-3.43,-4.19,-3.87,-4.13,-8.12,-3.9,-4.33,-3.09,-3.48,-5.49
1971,8,3.78,-0.18,2.7,0.47,3.31,4.31,2.96,4.54,5.65,4.08,7,3.51,5.91,7.71,6.55,4.79,1.98,7.13,8.78,6.71,4.29,2.19,3.49,9.64,5.33,4.85,-1.18,1.95,13.59
1971,9,-0.87,0.42,-2.96,0.37,1.39,1.99,-0.06,-0.66,-2.37,2.1,-1.25,-2.07,-1.69,-2.98,1.13,0.37,-0.85,-1.18,-3.39,1.85,-0.95,-0.32,-0.09,-4.65,0.28,-1.19,-1.28,-1.4,-2.15
1971,10,-4.44,-1.76,-0.54,0.37,-7.73,-6.88,-7.23,-4.37,-7.26,-5.96,-5.49,-3.3,-4.32,-6.19,-7.99,-6.29,-3.58,-4.74,-5.66,-3.32,-3.25,-2.27,-5.55,-6.06,-3.54,-6,-3.06,-2.8,-4.02
1971,11,-0.5,-2.84,-1.73,0.37,-3.39,-5.68,-4.02,-4.41,-5.57,-1.89,-2.13,-1.61,-2.57,-2.63,-1.92,-1.06,-0.96,-4.23,-5.5,0.51,-1.88,-2.62,0.54,-3.87,1.05,0.67,0.18,-0.6,0.28
1971,12,8.76,3.33,-0.11,0.37,14.61,14.04,10.94,11.74,13.33,13.07,14.16,12.99,11.14,12.8,14.12,9.57,10.37,12.01,12.84,12.35,9.91,8.77,8.13,12.42,8.39,9.83,8.53,7.02,8.94
1972,1,2.55,6.06,2.14,0.29,13.07,13.52,11.21,11.07,14.88,9.4,6.7,5.92,6.28,11.07,6.06,3.93,2.8,5.77,8.78,2.64,1.94,1.52,3.15,8.27,2.69,0.64,-0.7,0.79,6.38
1972,2,2.88,1.35,-2.76,0.25,2.96,5.4,3.91,4.54,3.54,5.09,4.38,4.5,1.7,4.12,6.88,3.92,2.33,-0.72,1.82,5.66,1.81,0.09,2.09,0.16,4.66,2.37,1.26,0.38,0.06
1972,3,0.6,-0.3,-1.67,0.27,2.99,-0.09,-1.96,-1.49,-0.46,1.89,1.88,-1.09,-0.07,-1.57,2.44,1.19,2.08,0.26,-1.8,1.16,-0.23,2.84,1.72,0.92,2.56,0.4,-3.02,-1.96,2.86
1972,4,0.26,0.02,0.38,0.29,-1.23,0.52,-1.3,1.5,1.03,-0.3,0.8,2.51,2.02,1.63,1.6,-0.65,-0.11,0.72,0.61,-0.61,-0.7,-0.26,1.15,3.66,0.98,1.18,0.26,0.09,-1.09
1972,5,1.34,-2.75,-2.7,0.3,-1.43,-1.71,-4.36,-2.13,-2.3,-0.5,-1.7,-1.99,-3.46,-1.38,1.21,-1.76,0.82,-1.19,-3.37,3.56,-1.48,-1.5,-0.17,0.6,3.26,-0.5,2.92,1.02,-2.67
1972,6,-2.38,0.37,-2.44,0.29,-4.25,-4.66,-3.66,-3.01,-3.76,-4.42,-1.97,-1.46,-1.44,0.6,-0.11,-1.71,-4.28,-4.12,-6.21,-4.12,-1.82,-2.25,-4.47,-7.75,-0.7,-3.43,-2.67,-2.29,-6.67
1972,7,-0.74,-2.87,0.8,0.31,-7.24,-4.89,-3.9,-3.39,-2.84,-5.26,-4.63,-3.59,-1.66,-3.86,-3.25,-1.88,-3.25,-0.62,-0.69,-3.4,-4.24,-2.05,-0.12,-2.09,1.62,-1.17,0.07,-1.29,-1.99
1972,8,3.31,-4.03,4.6,0.29,-1.55,-2.64,0.68,-0.06,2.28,-0.58,-1.47,2.19,1.94,4.92,0.3,2.44,3.09,5.25,4.13,0.04,2.92,5.16,5.22,7.07,0.76,6.83,7.13,9.09,6.06
1972,9,-1.11,-2.63,0.41,0.34,-5.04,-4.84,-4.72,-3.75,-4.23,-3.42,-3.74,-2.18,-2.22,-3.31,-1.68,-2.3,-1.12,-1.86,-2.61,-1.57,-3.07,-0.51,-2.36,-4,0.15,-1.7,-1.76,1.94,-4.03
1972,10,0.47,-2.69,1.3,0.4,-3.36,-3.28,-2.69,-1.91,-1.93,-4.08,-0.58,1.37,0.49,-0.69,-2.72,-0.7,1.4,0.65,0.45,-1.73,-0.03,1.48,2.3,-0.96,1.01,1.04,2.07,2.36,1.54
1972,11,4.61,-1.07,4.8,0.37,-0.21,3.94,4.55,5.9,5.92,4.37,5.09,7.34,4.63,7.78,3.02,4.06,6.54,7.65,7.38,6.81,7.68,7.02,6.92,11.05,1.59,6.62,6.81,7.88,14.11
1972,12,0.75,-1.83,-2.29,0.37,-1.78,-2.47,-2.91,-2.56,-1.54,-0.65,-2.9,0.07,-2.78,-2.26,1,-0.21,-0.64,-1.1,-2.33,0.61,-1.26,-0.77,-1.77,-4.41,3.74,-0.14,-0.76,0.05,-2.63
1973,1,-3.2,-3.48,2.75,0.44,-8.08,-4.99,-3.31,-3.62,-1.38,-10.55,-5.38,-6.54,-2.64,-5.86,-7.49,-7.43,-5.94,-3.83,-4.33,-6.36,-7.46,-5.65,-3.44,-4.25,-1.63,-3.87,-1,0.76,-4.14
1973,2,-4.86,-3.96,1.72,0.41,-14.04,-8.66,-8.56,-8.27,-6,-14.04,-8.16,-7.69,-5.79,-5.6,-10.96,-8.24,-7.98,-2.97,-6.67,-8.33,-7.8,-4.41,-3.68,-2.07,-2.2,-3.04,-4.91,-5.95,-3.27
1973,3,-1.25,-2.85,2.71,0.46,-7.15,-4.03,-2.63,-0.88,-1.84,-4.9,-2.62,-2.6,-1.55,-0.15,-4.9,-4.32,-1.93,-1.68,-0.7,-3.84,-4.14,-1.96,-2.13,0.82,-0.73,-0.99,1.81,1.89,1.73
1973,4,-5.7,-3.99,5.58,0.52,-11.97,-9.84,-6.54,-6.45,-5.51,-14.2,-9.36,-5.92,-3.92,-4.78,-11.23,-6.31,-3.91,-3.64,-4.18,-10.91,-8.39,-2.54,-2.93,-4.64,-5.84,-3.34,-2.16,-0.68,-2.61
1973,5,-2.96,-6.02,0.19,0.51,-11.57,-10.8,-8.8,-7.75,-8.2,-11.13,-9.23,-7.68,-5.89,-9.16,-9.14,-7.92,-4.85,-2.88,-6.52,-6.96,-7.76,-2.25,-2.47,-4.55,0.24,-1.12,-0.97,-3.28,-5.53
1973,6,-1.38,-2.93,1.35,0.51,-5.62,-3.97,-4.63,-2.92,-2.4,-6.68,-4.16,-2.85,-2.1,-1.54,-6.52,-2.7,-1.81,-0.87,-2.87,-4.62,-3.85,-2.89,-0.99,-3.73,-0.34,-0.31,0.7,-0.71,-2.1
1973,7,5.07,7.93,-5.31,0.64,18.99,15.97,12.19,13.53,10.45,22.27,13.39,10.99,7.21,9.9,19.05,9.76,7,2.07,7.5,15.41,9.53,6.96,3.05,8.71,5.46,5.46,-0.11,2.11,3.63
1973,8,-3.67,-2.14,1.29,0.7,-5.42,-7.02,-5.77,-5.99,-4.42,-3.33,-6.66,-4.74,-5.14,-3.94,-3.08,-4.32,-4.03,-2.27,-0.84,-2.89,-0.96,-2.1,-3.08,-0.24,-3.46,-2.43,-3.7,-2.32,0.8
1973,9,4.72,2.89,2.13,0.68,11.71,10.94,6.59,8.02,6.8,11.3,11.5,11.58,7.14,10.29,11.36,10.09,10.24,8.71,10.4,10.12,11.87,11.59,9.75,10.54,-0.09,7.77,8.74,8.78,8.28
1973,10,-0.68,-0.22,1.8,0.65,-2.84,0.34,0.63,0.32,1.52,-3.24,-2.73,1.37,0.97,1.4,-3.78,2.42,0.28,0.16,1.32,-2.87,-1.77,1.28,-0.59,1.96,0.49,-0.7,0.25,-3.05,2.33
1973,11,-12.64,-7.72,3.99,0.56,-24.92,-21.68,-19.1,-16.85,-18.04,-23.37,-20.16,-19,-15.89,-15.85,-22.88,-18.17,-16.12,-11.98,-16,-19.85,-17.25,-14.37,-12.04,-14.85,-10.63,-12.72,-10.91,-6.36,-8.55
1973,12,0.5,-5.34,4.15,0.64,-4.01,-4.82,-4.49,-2.86,-4.07,-0.61,-4.28,-0.98,-1.31,-0.87,-1.63,1.23,0.66,1.31,2.38,-0.78,2.7,6.72,3.1,6.09,-1.91,0.88,7.24,5.15,10.12
1974,1,-0.19,9.81,5.78,0.63,10.32,14.36,15.18,12.38,18.69,4.52,10.82,9.73,10.91,13.38,5.59,4.05,8.54,6.74,11.4,-1.54,2.11,2.92,7.68,5.63,-1.95,0.64,-2.84,0.67,0.42
1974,2,-0.35,-0.05,2.49,0.58,-0.36,-1.38,-0.16,-0.48,1.07,0.57,1.03,1.2,1.77,4.13,-2.87,0.01,1.6,0.58,2.35,-2.53,0.83,2.41,1.84,3.4,-1.23,1.81,-0.94,2.86,3.53
1974,3,-2.9,2.4,-0.07,0.56,0.2,-0.88,0.46,1.51,1.95,-1.68,1.85,-1.55,-0.95,0.64,-1.52,-1.32,-3.23,-1.55,-1.05,-2.46,-3.49,-4.73,-3.13,-1.95,-1.44,-3.54,-2.28,-3.5,-4.51
1974,4,-5.35,-0.84,1,0.75,-4.69,-6,-5.22,-5.62,-3.99,-8.55,-6.66,-5.68,-4.03,-3.44,-6.2,-7.13,-4.58,-5.85,-2.55,-7.03,-6.98,-5.97,-6.93,-1.39,-2.82,-4.24,-5.03,-5.97,-5.65
1974,5,-4.95,-2.96,-1.98,0.75,-8.29,-7.57,-8.12,-6.94,-6.1,-6.68,-7.57,-7.62,-7.24,-7.45,-6.98,-9.58,-6.65,-6.94,-8.3,-6.44,-8.67,-5.37,-6.18,-6.95,-0.66,-3.54,-5.58,-3.18,-8.12
1974,6,-2.89,-0.16,0.82,0.6,-3.44,-3.25,-2.39,-2.27,-1.38,-3.88,-3.27,-2.79,-0.63,-0.45,-4.43,-2.52,-3.5,-4.32,-0.53,-3.12,-3.4,-2.8,-4.49,-4.63,-1.54,-2.73,-1.78,-2.08,1.07
1974,7,-7.79,0.78,5.31,0.7,-8.84,-5.59,-5.23,-4.64,-3.93,-7.31,-3.99,-4.37,-3.61,-2.63,-6.73,-2.39,-1.94,-3.08,1.16,-8.43,-5.98,-2.41,-0.45,-1.61,-10.89,-4.15,-3.71,-4.11,-5.1
1974,8,-9.38,-0.66,2.59,0.6,-9.9,-8.19,-7.54,-7.45,-6.9,-9.15,-11.35,-6.29,-7.78,-5.37,-11.06,-10.43,-6.37,-7.16,-6.84,-11.71,-8.62,-8.48,-6.26,-6.5,-9.96,-7.58,-4.52,-7.87,-8.64
1974,9,-11.78,0.28,5.56,0.81,-13.25,-8.34,-6.93,-6.89,-8.45,-12.01,-7.07,-7.98,-7.62,-7.39,-12.96,-8.58,-6.95,-4.59,-6.49,-11.53,-7.06,-5.09,-6.28,-7.63,-14.87,-9.9,-4.95,-5.24,-6.63
1974,10,16.05,-3.4,-9.85,0.51,15.25,7.17,6.88,7.85,9.19,16.61,11.17,6.75,8.03,6.99,18.77,10.8,7.11,8.32,10,20.82,13.07,11.33,10.26,9.13,22.24,13.86,13.31,10.58,1.31
1974,11,-4.64,-1.16,-0.18,0.54,-5.84,-5.57,-5.05,-5.23,-6.65,-5.35,-4.04,-3.96,-5.3,-6.72,-4.54,-3.85,-2.88,-4.22,-1.95,-2.25,-0.38,-1.41,-4.02,-5.47,-4.55,-3.2,-4.19,-2.37,-4.11
1974,12,-3.4,-4.9,0.2,0.7,-6.99,-8.09,-7.35,-7.46,-9.08,-6.59,-6.34,-5.91,-6.95,-5.75,-5.59,-4.32,-4.14,-5.05,-7.26,-4.49,-2.53,-3.98,-2.01,-8.85,-3.82,0.34,1.46,-1.1,1.88
1975,1,13.58,10.93,8.06,0.58,26.56,29.53,28.2,27.86,32.72,21.29,25.79,27.01,27.41,29.68,19.13,24.92,21.92,23.36,28.69,15.64,20.49,24.11,23.86,27.86,9.27,13.96,14.07,19.86,15.66
1975,2,5.41,0.23,-4.52,0.43,6.95,5.3,3.15,3.47,4.92,9.13,6.97,1.6,3.97,2.17,7.57,3,2.73,4.73,5.09,6.75,2.63,1.96,2.81,2.76,9.57,2.75,3.8,2.22,-3.24
1975,3,2.61,3.74,2.54,0.41,9.02,10.85,9.04,7.88,9.79,6.42,6.57,7.17,6.02,8.37,5.91,6.76,3.9,7.13,5.49,5.95,6.38,5.2,4.96,5.05,2.67,1.82,-1.25,6.28,6.15
1975,4,4.21,-0.51,-1.23,0.44,6.53,6.41,4.22,2.9,2.87,6.87,4.3,2.78,1.24,4.32,5.71,5.14,5.12,3.82,3.06,6.98,3.17,2.5,4.69,6.6,5.72,4.77,0.91,5.49,5.02
1975,5,5.07,3.91,-4.26,0.44,11.71,11.09,8.42,7.82,6.83,12.23,7.62,7.08,8.01,7.39,5.18,8.21,4.09,8.16,0.85,7.82,5.96,5.4,4,5.8,5.09,8.48,4.62,-0.35,0.96
1975,6,4.74,0.77,1.32,0.41,6.05,7.62,7.46,8.93,7.61,9.26,7.44,6.98,8.51,3.14,5.83,5.21,7.33,5.97,4.96,5.22,7.75,7.12,10.26,8.93,3.47,7.14,4.82,6.8,7.43
1975,7,-6.52,2.68,1.66,0.48,-1.53,0.13,-1.62,-0.22,-0.59,-3.41,-3.21,-2.67,-3.69,-4.02,-5.26,-3.35,-3.53,-4.07,-5.97,-7.15,-6.36,-4.16,-4.23,-6.84,-8.14,-4.08,-4.62,-5.68,-1.55
1975,8,-2.84,-3.23,-0.83,0.48,-7.02,-6.33,-4.82,-5.36,-7.69,-4.49,-4,-5.15,-4.09,-8.28,-3.99,-3.47,-3.47,-4.23,-5.64,-4.39,-3.45,-2.6,-2.37,-0.69,-1.95,-1.85,-1.75,2.3,-4.46
1975,9,-4.33,-0.06,0.44,0.53,-5.36,-2.42,-3.12,-2.93,-3.89,-3.43,-3.93,-3.49,-3.38,-4.77,-5.35,-3.01,-3.88,-4.42,-4.03,-4.57,-3.17,-3.71,-3.15,-4.45,-4.63,-1.36,-2.29,-4.38,-5.35
1975,10,5.03,-4.04,0.3,0.56,1.51,1.39,2.75,2.73,1,2.06,4.16,1.41,3.76,4.21,1.93,3.63,3.76,4.81,0.37,5.7,5.85,7.12,5.11,6.93,7.17,5.57,4.6,6.75,3.9
1975,11,2.71,-1.2,2.06,0.41,0.06,1.91,1.96,2.49,3.67,0.03,3.23,1.83,4.2,4.11,1.94,2.52,4.75,4.24,1.1,2.94,3.94,3.92,7.76,6.04,3.26,2.21,2.98,2.91,4.68
1975,12,-1.58,-0.8,1.76,0.48,-0.91,-1.21,-1.17,-1.02,-1.45,-2.51,-1.52,0.73,-0.71,-2.14,-0.94,-0.76,0.66,-0.13,3.06,-2.46,0.68,-0.04,-0.35,-0.78,-2.6,0.9,0.45,0.67,5.25
1976,1,12.13,4.76,8.55,0.47,15.86,17.02,20.9,22.52,26.89,12.95,16.6,16.99,21.41,26.77,16.21,15.43,16.7,18.81,22.28,12.83,13.82,15.95,18.63,22.6,11.15,9.51,13.9,17.17,15.16
1976,2,0.39,6.97,5.84,0.34,9.84,7.26,10.65,12.17,16.03,7.28,6.54,7.34,8.47,11.52,3.95,3.54,5.58,7.5,13.26,0.84,3.33,3.99,5.36,3.94,-2.33,1.58,-1.27,-0.87,9.44
1976,3,2.28,-1.19,-0.15,0.4,3.55,2.21,1.87,0.75,1.64,1.1,0.74,0.38,1.3,2.18,0.93,0.86,1.93,1.93,1.94,0.91,2.26,0.98,1.41,6.8,3.14,3.6,3.69,2.72,-1.01
1976,4,-1.46,-0.04,-0.05,0.42,-1.41,-0.7,-2.78,-1.17,-1.72,-1.08,-1.62,-0.59,-0.95,-1.68,-1.51,0.12,-0.69,-0.91,-0.49,-1.65,-1.35,-0.48,-1.91,-3.73,-2.27,0.3,1.63,0.71,1.14
1976,5,-1.31,-1.22,-1.33,0.37,-1.83,-1.56,-1.44,-3.6,-4.89,-0.73,-2.16,-0.84,-2.6,-4.17,-1.71,-1.36,-1.58,-1.09,-3.1,-2.4,-1.09,-0.98,-3.46,1.23,-1.06,0.61,-0.92,-2.33,1.38
1976,6,4.02,-1.34,0.76,0.43,4.13,2.36,2.18,3.05,1.95,2.47,3.06,3.74,3.38,6.19,4.52,5.25,6.59,5,8.13,4.2,4.98,7.15,7.98,3.91,4.3,4.01,5.64,5.93,2.94
1976,7,-1.09,0.28,1.75,0.47,-1.03,-1.97,0.68,-0.25,1.15,-0.98,-0.07,2.78,0.12,1.41,-1.54,-0.8,0.43,0.77,0.15,-1.54,0.57,0.4,1.68,1.64,-1.61,0.19,0.25,-0.69,2.7
1976,8,-0.56,-1.95,0.85,0.42,-4.28,-1.57,-1.18,-1.42,-1.55,-4.32,-1.82,-2.55,-1.12,-1.3,-2.62,-1.33,-1.05,-0.25,-4.04,-2.6,0.46,1.57,-1.18,0.66,-0.26,0.42,1.82,-0.79,0.77
1976,9,2.01,0.02,-0.3,0.44,2.23,1.91,1.06,2.23,1.96,4.16,4.51,2.56,3.44,1.88,3.44,2.99,2.55,2.81,0.89,2.28,2.05,2.9,2.93,1.27,1.62,4.4,3.29,3.89,-1.1
1976,10,-2.45,0.16,-0.18,0.41,-2.88,-1.54,-1.6,-1.5,-2.39,-2.84,-3.34,-2.34,-1.41,-1.3,-3.42,0.37,-1.54,-1.07,-3.67,-2.34,-1.4,-1.19,-1.61,-2.44,-2.38,-2.5,-0.73,-3.34,-4.13
1976,11,0.14,2.34,1.46,0.4,5.64,3.35,1.94,2.54,2.85,3.15,3.49,2.86,4.17,5.09,3.75,3.35,3.44,4.35,7.1,4.41,3.26,3.14,2.19,1.57,-1.57,0.14,2.04,1.83,3.98
1976,12,5.76,2.98,2.26,0.4,10.83,9.49,9.66,11.04,9.84,9.18,8.97,9.43,9.48,11.37,5.79,9.51,8.86,8.27,8.28,6.1,7.04,7.6,9.41,9.49,3.86,7.29,5.63,7.65,8.17
1977,1,-3.99,4.82,4.29,0.36,2.97,4.27,2.68,4.5,5.85,-0.28,2.28,0.61,1.84,3.46,-2.26,-0.07,1.06,1.07,0.62,-4.14,-2.69,-2.56,-0.14,1.73,-7.84,-3.34,-1.01,-1.73,0.4
1977,2,-1.93,1.08,0.5,0.35,-0.41,-0.41,-0.42,-0.43,0.47,-1.66,-0.94,-0.43,0.23,-1.66,-4.13,-0.82,-2.34,0.34,-3.56,-2.88,-1.87,-1.97,-1.76,-2.07,-1.2,-3.29,-0.76,-1.99,-1.54
1977,3,-1.3,1.03,1.09,0.38,0.17,0.19,1.52,1.42,1.37,0.38,-0.64,1.66,-0.1,-0.82,-0.05,1.39,-0.09,0.25,0.3,-1.84,0.3,0.76,0.4,5.09,-1.69,-1.82,-1.19,-0.69,-0.26
1977,4,0.12,-0.11,3.41,0.38,1.39,0.18,1.9,2.62,2.53,1.18,1.74,1.36,2.23,2.9,0.49,0.8,2.22,2.62,2.28,-0.59,2.21,2.57,3.11,2.76,-2.17,2.16,1.42,4.12,5.71
1977,5,-1.45,1.25,0.87,0.37,-1.59,-0.33,0.58,0.21,1.32,0.89,-0.89,-0.3,0.78,-1.58,-0.68,0.04,0.44,0.7,0.29,-0.48,-0.91,0.04,-1.08,-1.13,-2.55,-0.83,0.68,-2.31,-2.04
1977,6,4.74,2.2,-0.66,0.4,5.84,6.44,7.25,5.62,7.22,8.63,6.4,6.5,5.69,9.7,8.97,6.28,6.21,4.61,6.28,6.6,4.97,4.89,4.73,6.25,5.98,3.96,3.03,4.85,2.34
1977,7,-1.7,2.11,-0.57,0.42,1.17,0.56,1.06,0.67,1.22,-1.29,0.04,-0.74,0.74,0.26,0.11,-0.13,-1.17,-1.33,-0.8,-1.14,-3.15,-0.7,-1.09,-4.38,-1.29,-2.86,-0.7,-0.13,-5.16
1977,8,-1.78,1.54,-2.79,0.44,1.15,0.09,-0.69,-1.37,-1.71,0.62,-0.69,-1.54,-0.86,-1.67,1.76,-1.1,-0.79,-0.54,-1.2,-1.5,-0.95,-2.06,-1.91,-3.76,1.07,-3.46,-3.01,-4.86,-4.23
1977,9,-0.27,1.44,-0.44,0.43,2.22,1.94,1.04,1.95,1.33,1.3,0.95,1.83,0.16,-1.4,1.93,1.58,1.18,0.29,0.04,0.89,0.17,0.78,0.67,-1.05,-0.88,-0.89,2.3,0.44,-0.12
1977,10,-4.42,1.28,1.81,0.49,-4.63,-2.56,-2.27,-1.29,-2.12,-5.25,-2.6,-3.9,0.22,-1.75,-3.56,-2.1,-2.41,-2.47,-2.66,-4.03,-3.04,-2.85,-4.13,-4.88,-4.51,-4.08,-5.16,-2.51,-3.62
1977,11,4.04,3.71,0.36,0.5,9.44,8.68,8.27,6.82,9,8.38,9.61,8.8,7.07,8.26,6.71,7.6,6.1,6.15,8.68,7.31,6.09,5.59,6.95,7.17,3.6,3.31,2.91,2.97,5.01
1977,12,0.33,1.36,-0.32,0.49,4.64,3.66,2.49,2.8,1.73,3.06,1.83,0.53,0.55,1.58,1.58,0.87,1.8,1.03,1.2,0.38,0.9,0.53,-0.07,-0.6,0.04,1.09,1.19,0.4,1.31
1978,1,-6.01,2.23,3.3,0.49,-1.24,-3.27,-1.57,-1.14,0.2,-5.36,-5.71,-2.49,-1.83,-2.43,-6.87,-5.24,-3.41,-3.5,-0.65,-6.01,-6.29,-5.55,-4.25,-1.7,-6.27,-7.19,-5.55,-4.95,-3.13
1978,2,-1.39,3.62,0.88,0.46,3.09,3.19,3.96,3.14,3.54,1.7,1.64,0.92,2.25,0.64,0.59,1.63,0.62,0.66,1.5,-1.34,-0.56,-0.7,0.88,-2.26,-3.2,-1.45,2.33,-1,-3.59
1978,3,2.87,3.4,1.23,0.53,8.21,7.37,8.06,6.85,8.15,6.09,5.99,7.58,6.47,7.48,5.57,5.71,4.67,4.71,8.18,4.97,4.8,4.71,4.67,4.85,1.22,3.83,3.23,2.9,3.72
1978,4,7.74,0.34,-3.47,0.54,10.31,8.78,8.35,7.29,8.45,10.08,7.3,8.26,7.29,6.52,9.92,8.73,7.63,5.05,6.49,8.73,7.27,5.52,5.7,8.56,11.85,8.72,4.72,5.07,5.42
1978,5,1.81,4.61,-0.61,0.51,8.53,6.65,8.67,6.26,8.02,7.11,7.45,4.82,4.12,5.35,6.34,5.16,5.53,2.18,4.1,4.83,3.83,1.43,2.39,3.75,1.34,1.34,-0.01,1.1,1.97
1978,6,-1.62,1.74,0.56,0.54,0.9,0.45,0.37,0.01,0.28,-1.22,-2.62,0.68,3.48,-0.2,-0.59,-0.98,0.8,0.9,1.16,-0.96,-0.66,-0.03,0.68,-0.64,-1.19,-3.09,-2.01,-1.76,-0.61
1978,7,5.11,0.28,-1.12,0.56,6.85,6.16,6.04,4.84,4.61,8.04,4.91,6.26,4.99,8.37,6.74,4.9,4.32,4.48,3.69,5.98,5.69,6.31,5.9,9.96,7.63,4.88,4.77,2.85,4.57
1978,8,3.69,5.08,-0.49,0.55,9.78,9.57,8.39,7.84,10.19,9.29,7.87,9.5,7.04,9.43,7.96,8.46,6.6,4.89,10.1,7.84,6.08,4.29,3.92,2.83,2.5,3.37,4.82,3.06,0.19
1978,9,-1.31,-0.4,1.91,0.62,-1.05,0.38,-1.89,-0.07,0.39,-1.72,-1.67,-1.72,0.55,-1.75,-3.22,-0.76,-1.41,-0.33,-0.89,-3.27,-2.15,0.6,0.07,-1.17,-3.19,0.13,1.86,1.08,0.89
1978,10,-11.78,-9.95,1.41,0.68,-26.95,-23.47,-21.73,-18.76,-21.29,-25.01,-18.9,-18.63,-15.06,-19.01,-19.24,-18.75,-13.98,-14.44,-19.34,-15.72,-13.27,-13.35,-11.97,-14.8,-8.34,-9.35,-8.39,-7.07,-12.07
1978,11,2.68,3.13,-2.23,0.7,8.78,8.1,6.74,4.44,4.17,11.71,5.4,4.61,2.84,5.96,7.11,5.14,4.11,3.01,2.69,4.48,2.62,3.77,1.45,2.75,2.63,2.34,4.04,3.16,2.53
1978,12,0.99,1.26,-2.09,0.78,3.37,3.26,2.37,1.14,0.65,3.06,3.28,1.49,2.59,2.1,3.05,1.69,0.42,1.16,3.68,0.98,1.6,1.56,0.49,0.24,3.49,0.85,0.87,-0.05,-0.7
1979,1,4.18,3.68,2.15,0.77,10.17,9.94,8.34,10.57,11.99,8.55,8.47,8.2,7.5,9.91,6.96,7.14,7.5,7.07,9.77,5.89,5.11,6.2,8.36,6.21,2.44,5,4.43,4.75,7.67
1979,2,-3.41,0.44,1.18,0.73,-2.98,-3.45,-2.46,-2.8,-1.41,-2.82,-3.21,-2.77,-3.37,-2.22,-4.91,-1.92,-2.19,-1.39,-0.88,-3.89,-3.59,-3.1,-3.32,-4.45,-3.96,-2.54,-2.74,-1.29,-2.89
1979,3,5.75,3.18,-0.62,0.81,12.21,9.55,7.95,7.21,8.44,12.54,8.97,8.48,7.38,8.39,10.81,9.35,6.93,9,12.94,7.92,7.69,7.15,7.9,9.71,5.03,6.02,6.8,3.76,6.46
1979,4,0.05,2.17,1.12,0.8,3.15,2.97,2.28,2.99,3.47,1.66,2.64,2.45,2.88,2.11,1.3,1.27,2.24,1.91,4.07,2.2,0.77,1.81,0.2,1.87,-0.17,0.7,0.98,-0.53,-1.12
1979,5,-2.18,0.12,1.3,0.82,-2.67,-0.91,-1.66,-0.73,-1.09,-2.29,-1.69,-0.31,-0.24,-1,-3.6,-2.78,-0.25,0.56,-2.24,-0.38,-1.39,-1.47,-0.58,-0.88,-2.09,-0.9,-1.72,-1.26,-1.33
1979,6,3.88,1.15,1.34,0.81,6.19,5.67,5.41,4.5,5.41,7.42,6.05,3.91,5.86,8.62,3.63,4.8,6.27,6.27,6.5,5.07,7.3,6.37,7.86,6,2.29,4.69,6.26,4.67,2.81
1979,7,0.73,1.3,1.79,0.77,2.13,2.97,2.42,3.13,2.23,2.08,2.19,3.5,4.88,3.88,3.35,4.01,4.15,2.94,5.24,1.48,3.3,2.68,2.36,3,-0.31,1.49,1.54,1.3,3.72
1979,8,5.7,2.02,-1.55,0.77,8.74,8.82,6.62,6.98,8.16,8.55,8.56,7.22,6.83,7.28,9.24,7.97,5.79,5.7,6.49,8.59,6.64,6.89,5.28,7.72,6.49,6.93,4.35,5.46,5.32
1979,9,-0.69,-0.29,-0.89,0.83,-0.05,-0.23,-1.58,-0.53,-0.98,0.68,0.78,-2.57,-1.47,-1.96,1.38,-0.07,-1.32,-2.93,-1.57,-0.21,-0.75,0.14,-1.76,-1.74,-2.04,1.23,1.7,0.84,0.58
1979,10,-8.14,-3.29,-1.88,0.87,-11.05,-9.72,-11.22,-9.46,-11.47,-9.27,-9.96,-11.75,-11.88,-11.51,-8.12,-8.32,-10.37,-7.57,-12.34,-7.49,-8.03,-8.32,-10.6,-10.52,-6.48,-5.31,-5.62,-7.03,-7.32
1979,11,5.37,2.79,-3.29,0.99,11.13,8.6,6.6,4.98,6.45,11.12,8.01,7.07,7.37,7.46,11.84,7.31,6.57,7.11,5.34,9.98,7.42,7.9,5.62,6.06,5.22,6.8,4.31,7.2,0.96
1979,12,1.87,4.17,-2.01,0.95,11.5,7.89,6.1,6.76,5.24,8.57,6.33,6.56,3.58,4.99,5.59,3.44,2.75,1.78,8.04,4.86,3.93,2.26,2.15,4.09,1.99,3.47,-0.08,0.95,2.35
1980,1,5.76,1.68,1.78,0.8,12.88,10.1,9.28,8.61,10.81,6.84,7.74,6.56,4.87,8.86,5.29,6.59,6.86,6.48,8.94,7.66,6.01,6.42,1.03,7.84,3.28,7.45,5.83,7.89,10.04
1980,2,-0.79,-1.81,0.55,0.89,0.58,-0.22,-1.95,-2.27,-2,-1.34,-0.22,-2.7,-4.15,-1.26,-0.89,-3.53,-4.36,-4.78,-2.65,-2.26,-1.8,-2.25,-4.77,-1.72,-4.24,0.79,4.1,1.73,2.67
1980,3,-13.23,-6.63,-1.04,1.21,-22.17,-19.29,-17.58,-15.4,-17.64,-19.22,-16.35,-17.26,-14.68,-17.47,-15.74,-15.16,-16.35,-12.66,-18.84,-12.11,-13.86,-13.58,-11.36,-16.48,-6.16,-11.4,-9.72,-11.41,-12.93
1980,4,3.97,1.05,1.06,1.26,6.26,6.79,6.72,5.08,6.06,6.1,4.59,6.97,7.99,4.14,7.04,7.22,7.17,9.5,5.72,4.84,6.77,6.93,8.51,6.91,2.95,3.51,5.44,7.81,2.8
1980,5,5.2,2.08,0.36,0.81,7.1,6.65,6.79,6.42,7.75,9.14,10.21,7.13,7.87,9.98,7.02,6.92,8.68,7.87,8.72,7.63,8.1,9.37,7.45,8.9,4.91,5.3,5.28,3.93,6.12
1980,6,3.16,1.69,-0.86,0.61,5.04,3.18,3.93,4.38,5.39,4.33,6.71,4.27,5.55,2.14,5.22,5.89,3.84,4.58,2.62,5.94,3.79,4.91,3.01,4.72,2.3,4.04,1.97,4.9,0.09
1980,7,6.41,4.26,-6.15,0.53,11.98,12.62,10.32,8.47,9.13,14.22,11.17,10.01,8.24,7.68,13.23,8.48,9.79,5.61,6.48,11.36,9.66,8.25,3.32,4.66,11.15,6,3.24,3.59,4.8
1980,8,1.72,3.98,-2.75,0.64,11.53,8.75,7.01,7.33,5.12,8.33,7.38,4.16,2.83,3.81,6.73,6.62,2.24,1.76,0.55,4.71,2.3,2.59,0.26,0.57,2,1.01,1.32,1.89,-0.3
1980,9,2.2,0.92,-4.66,0.75,6.56,2.96,2.78,1.39,2.98,4.58,3.83,3.69,0.96,0.93,5.76,2.22,2.92,1.84,-1.53,6.06,3.94,2.14,0.31,0.24,3.1,5.71,3.54,-1.46,-0.16
1980,10,1.06,2.52,-2.8,0.95,7.6,5.51,4.28,3.62,2.25,6.83,2.14,0.61,3.6,0.99,2.68,1.98,2.87,1.63,2.44,2.46,3.01,-1.02,-1.26,-0.41,0.61,4.07,4.93,-1.85,0.67
1980,11,9.53,-3.34,-8.46,0.96,16.36,6.33,6.07,0.76,1.72,13.82,7.18,4.69,6.45,2.97,11.75,7.11,2.39,3.23,1.79,13.1,14.83,4.65,3.13,0.92,10.64,14.06,19.08,5.23,3.59
1980,12,-4.75,-0.33,2.68,1.31,-6.32,-5.37,-3.85,-2.63,-3.54,-5.23,-2.58,-1.69,-1.66,-0.41,-3.87,-3.02,-0.32,-1.09,-0.56,-3.48,-4.4,-1.18,0.35,-0.45,0.09,-5.52,-5.82,-1.49,-0.01
1981,1,-5.05,2.94,6.84,1.04,-4.64,0.05,1.69,2.13,3.26,-5.11,-0.39,0.21,1.93,2.99,-4.35,-1.39,-0.79,1.67,2.83,-7.01,-3.42,-0.8,0.72,1.52,-6.13,-7.36,-6.58,0.04,2.4
1981,2,0.48,-0.34,1.08,1.07,-3.33,-0.01,1.16,2.1,2.48,-0.39,1.56,2.32,3.59,4.07,2.28,2.46,3.99,0.33,1.31,1.11,2.75,4.11,1.73,3.54,3.27,2.13,-0.71,2.97,-0.51
1981,3,3.41,3.51,0.66,1.21,7.43,9.09,8.63,9.17,7.22,7.99,8.08,7.62,7.97,7.65,7.66,7.49,7.36,9.18,7.78,8.91,6.08,9.17,7.49,7.75,2.95,3.26,-0.16,3.9,7.76
1981,4,-2.21,4.4,2.29,1.08,3.01,4.5,3.53,4.71,5.55,1.47,3.81,3.41,3.98,3.92,2.1,3.42,2.08,0.86,3.63,-0.24,-0.48,0.05,0.24,1.66,-2.75,-4.31,-2.92,2.38,-3.03
1981,5,0.21,2.03,-0.43,1.15,4.99,5,4.1,2.65,2.76,6.29,2.05,2.99,0.56,2.28,2.16,3.62,2.83,1.74,4.87,3.38,2.15,1.84,0.81,3.13,1.58,-2.08,-1.99,3.57,1.06
1981,6,-2.37,-0.86,5.14,1.35,-7.31,-0.16,1.46,2.74,1.17,-7.1,-0.77,-0.39,-0.19,1.75,-5.07,-0.34,0.12,1.77,-1.59,-5.26,-2.22,0.97,2.59,-0.41,-4.46,1.08,3.34,-0.62,0.7
1981,7,-1.55,-2.14,-0.61,1.24,-4.64,-3.49,-2.64,-2.14,-2.25,-2.44,-3.63,-0.79,-1.33,-1.97,-1.37,-1.98,-2.9,-3.04,-0.32,2.2,-1.26,-2.58,-2.48,-3.3,1.84,2.51,-2.03,-2.19,0.6
1981,8,-6.91,-1.96,4.78,1.28,-12.74,-8.42,-7.3,-5.75,-4.95,-10.35,-8.34,-5.14,-4.87,-5.66,-8.59,-6.12,-5.37,-5.75,-3.43,-7,-6.19,-3.79,-5.29,-3.23,-6.13,-6.65,-5.77,-5.24,-0.39
1981,9,-7.62,-2.64,5.22,1.24,-13.49,-8.51,-7.46,-6.39,-6.39,-10.32,-6.94,-6.51,-3.24,-5.55,-9.13,-5.81,-6.13,-1.43,-3.78,-9.35,-8.59,-6.29,-3.73,-4.36,-6.42,-6.05,-6.18,-2.2,0.48
1981,10,4.81,2.2,-4.2,1.21,10.43,8.09,8.49,6.89,5.02,11.01,6.87,6.74,7.58,6.09,11.13,4.99,7.46,5,4.44,10.11,7.09,5.1,4.13,3.69,7.88,7.54,2.64,1.46,4.81
1981,11,3.52,-1.04,1.87,1.07,-1.29,2.45,3.83,2.74,4.01,1.37,4.97,4.95,6.19,5.45,0.54,2.61,3.97,2.84,5.54,3.93,4.85,2.34,7.46,4.74,3.8,5.81,5.16,4.41,3.77
1981,12,-3.68,1.21,0.79,0.87,-3.98,-2.03,-0.66,-0.34,-1.1,-1.84,-0.31,-1.91,-2.37,-1.69,-1.8,-2.13,-0.83,-1.22,-3.15,-3.53,-2.2,-1.74,-2.27,-2.37,-2.89,-3.58,-3.74,-2.05,-1.79
1982,1,-3.42,-1.19,3.12,0.8,-2.97,-0.43,-1.92,-1.6,-0.18,-5.45,-3.26,-3.52,-3.5,0.28,-5.94,-3.1,-4.91,-2.17,1.38,-6.83,-4.34,-3.76,-1.61,-1.71,-0.32,-3.93,-2.76,-1.1,1.43
1982,2,-6.03,0.49,6,0.92,-7.78,-4.03,-3.16,-2.74,-0.86,-7.34,-5.16,-3.78,-1.11,-0.46,-7.87,-2.58,-1.27,-3.05,0.17,-7.15,-6.42,-3.68,-0.36,0.7,-7.4,-7.33,-2.59,-1.18,-3.92
1982,3,-1.99,-0.18,3.9,0.98,-2.19,-0.41,-1.27,-0.33,0.16,-3.82,0.01,-1.39,1.87,1.92,-2.36,0,1.23,-0.34,2.96,-3.21,-1.82,-0.06,0.2,1.05,-3.68,0.53,-1.56,2.62,2.04
1982,4,3.2,1.55,-2.75,1.13,6.37,6.01,5.43,5.07,4.47,6.76,7.02,5.78,4.47,4.29,6.37,5.61,4.58,5.09,4.81,6.54,5.25,4.1,3.73,5.02,6.52,3.94,3.1,2.97,0.55
1982,5,-3.88,0.53,1.85,1.06,-3.07,-1.73,0.13,-0.95,-0.67,-4.01,-3.46,-3.24,-1.78,-2,-3.46,-1.98,-3.15,-1.21,-1.21,-4.8,-4.75,-3.72,-3.92,-2.78,-4.11,-1.91,-1.52,-3.22,-1.26
1982,6,-3.35,-0.37,1.54,0.96,-4.44,-3.47,-2.43,-1.07,-1.28,-4.38,-0.87,-1.6,-0.57,-1.3,-3.91,-0.79,-0.29,-2.03,-1.98,-4.1,-3.25,-0.84,-1.49,0.51,-2.97,-1.06,-0.55,-1.88,-2.88
1982,7,-3.1,0.94,0.24,1.05,-3.8,-2.54,0.53,-0.91,-0.43,-3.2,1.47,-0.08,-0.25,-0.75,-1.83,-0.6,-2.17,-3.35,-1.63,-1.76,-4.69,-2.62,-3.25,-2.81,0.46,-3.72,-4.24,-2.14,-1.83
1982,8,11.14,-4.18,1.14,0.76,4.86,7.11,6.72,5.11,5.7,7.81,8.47,9.88,8.02,8.21,10.83,11.04,12.38,11.27,10.93,11.98,12.26,11.2,12.52,14.01,11.3,12.05,13.07,13.73,12.46
1982,9,1.17,2.96,0.41,0.51,2.36,2.49,5.96,3.94,4.34,2.67,2.15,5.08,5.54,6.08,3.35,5.47,4.27,4.2,2.12,2.51,2.15,7.99,2.45,-0.03,1.6,1.93,1.15,-0.09,0.16
1982,10,11.27,2.3,-3.73,0.59,17.72,13.55,12.86,12.99,11.71,17.19,12.58,13.44,10.14,11.11,15.15,13.57,13.05,13.3,12.99,15.54,14.98,12.42,12.64,12.83,11.58,11.35,10.35,11.33,5.95
1982,11,4.56,4.78,-1.91,0.63,9.16,10.42,11.21,10.62,10.47,9.7,8.96,8.04,7.91,8.76,10.63,8.97,7.11,5.12,8.7,7.31,6.74,4.27,5.43,7.3,7.13,4.18,1.31,2.92,1.67
1982,12,0.78,-0.18,0.04,0.67,2.63,2.3,1.92,2.18,2.44,-0.39,2.34,1.09,0.3,1.2,0.45,0.66,-1.2,0.33,2.46,0.94,0.02,2.41,0.23,2.65,2.41,-0.11,1.14,0.4,5.92
1983,1,3.5,2.69,-0.91,0.69,13.55,8.48,9.01,8.85,7.07,7.9,8.47,3.35,4.91,4.84,6.64,2.85,4.51,3.28,3.69,5.02,3.5,2.78,2.48,2.08,2.17,3.07,3.76,6.08,2.77
1983,2,2.4,3.26,0.72,0.62,3.17,4.65,7.84,7.78,8.96,5.17,5.09,7.93,5.71,5.6,5.27,4.79,5.34,4.33,5.2,4.66,2.66,2.94,3.34,4.48,2.36,3.95,3.19,1.13,2.41
1983,3,2.84,1.79,2.06,0.63,2.85,5.66,6.45,4.59,7.57,1.9,3.74,6.78,7.05,4.59,1.99,6.6,4.83,7.65,4.74,0.65,2.68,4.37,5.55,5.14,3.25,2.52,4.17,3.46,1.83
1983,4,6.71,0.48,0.57,0.71,7.27,7.4,8.83,9.32,9.09,7.94,8.45,8.61,7.48,7.6,6.49,7.23,7.32,6.63,6.34,4.9,5.75,8.07,6.9,6.23,6.56,6.11,8.78,9.02,7.24
1983,5,0.63,6.15,-1.47,0.69,11.98,10.32,8.54,8.22,7.92,5.55,6.34,5.25,3.21,5.5,5.75,5.38,2.97,2.18,1.39,4.99,5.5,4.41,1.99,1.04,-0.9,-2.25,-0.47,-1.6,1.17
1983,6,3.11,0.96,-3.86,0.67,4.11,6.78,3.52,3.35,4.17,6.8,5.29,1.54,2.83,4.14,4.7,5.59,4.94,1.51,1.41,6.36,4.71,3.73,-1.24,1.88,5.9,5.18,2.89,1.62,0.65
1983,7,-3.9,1.53,5.63,0.74,-6.05,-2.29,-0.85,0.85,0.77,-7.22,-4.45,-0.9,1.65,0.99,-6.22,-3.05,2.66,1.06,0.96,-4.32,-3.5,-4.77,-1.01,-0.57,-4.85,-5.99,-3.71,-0.22,-2.17
1983,8,-0.41,-4.33,5.49,0.76,-6.08,-3.81,-2.28,-3.56,-1.15,-5.39,-3.47,-2.75,-1.06,0.13,-3.74,-4.33,-1.52,-0.91,2.34,-2.91,-1.61,0.3,2.59,3.69,-0.65,-0.44,0.24,4.2,6.62
1983,9,0.85,0.57,1.04,0.76,-3.08,0.16,0.62,1.59,1.6,1.13,1.47,3.96,4.96,3.67,1.86,4.3,2.84,5.13,6.59,3.59,1.65,3.43,2.57,1.5,2.88,1.91,2.04,-1,0.5
1983,10,-3.56,-3.6,4.98,0.76,-10.37,-6.21,-5.15,-3.56,-2.89,-10.19,-7.54,-4.08,-1.76,-2.81,-8.29,-4.72,-2.95,-0.48,-2.13,-7,-2.58,-1.76,-1.99,-0.42,-2.47,-2.37,-0.28,-0.01,-0.67
1983,11,2.26,1.98,-0.69,0.7,3.66,3.72,3.56,2.68,4.13,5.77,5.31,4.74,5.33,4.98,6.23,4.31,4.74,4.13,3.91,5.76,2.26,5.02,4.9,3.8,1.19,3.33,2.83,1.63,0.62
1983,12,-1.78,-0.28,1.69,0.73,-5.28,-1.02,-0.53,-0.3,0.82,-3.09,-1.32,0.19,0.03,0,-3.18,-1.12,-0.09,-1.2,1.43,-3.51,-0.46,-2.35,-1.64,-0.54,-0.06,0.01,-2.23,-1.01,0.54
1984,1,-2.06,-0.41,7.58,0.76,-1.9,-1,0.12,1.19,3.28,-6.32,-1.36,-0.62,0.3,3.7,-7.03,-4.53,-2.22,0.11,-0.19,-7.68,-3.41,-2.05,-0.5,0.46,-5.7,-0.79,1.16,1.6,6.98
1984,2,-4.62,-1.66,3.34,0.71,-7.51,-6.97,-5.36,-4.24,-4.61,-7.18,-6.01,-3.82,-3.29,-3.74,-6.78,-7.16,-4.79,-4.68,-2.86,-5.88,-5.9,-5.69,-3.2,-4.7,-3.76,-6.06,-4.29,-2.51,0.68
1984,3,0.61,0.12,0.5,0.73,-0.89,1.54,0.64,1.68,2.18,-0.28,1.17,0.87,1.34,2.32,0.63,1.36,2.44,1.17,3.65,0.56,1.18,2.32,1.63,4.24,1.79,3.08,0.19,1.74,-1.46
1984,4,-0.56,-1.13,1.31,0.81,-3.96,-1.78,-0.65,0.01,-0.88,-1.28,1.54,0.8,0.12,-1.05,0,0.84,-0.1,-1.19,-0.06,-1.46,-0.42,-0.33,-2.69,-1.84,1.44,-0.67,1.26,1.62,2.43
1984,5,-6.01,0.05,0.23,0.78,-6.03,-4.61,-4.96,-3.41,-3.62,-6.1,-5.21,-5.17,-3.97,-4.09,-5.87,-5.53,-5.63,-4.05,-7.02,-3.95,-4.27,-5.91,-5.32,-7.55,-5.18,-3.33,-6.31,-4.14,-6.05
1984,6,1.59,-0.25,-2.57,0.75,1.36,3.43,2.33,1.53,1.24,3.98,4.76,1.83,2.82,1.12,6.39,4.89,0.89,1.88,-0.22,5.84,4.33,1.88,1.81,2.55,3.5,5.31,2.03,-1.06,5.34
1984,7,-2.88,-2.32,0.28,0.82,-7.27,-5.07,-4.56,-1.81,-2.26,-5.33,-5.56,-1.45,-3.64,-3.99,-3.65,-3.33,-2.91,-3.13,-1.48,-3.82,-4.68,-2.54,-4.55,-0.85,0.31,-1.32,-0.09,-2.82,-2.47
1984,8,10.44,-0.21,-1.77,0.83,11.46,11.66,8.78,7.15,8.47,16.05,10.57,10.04,8.97,10.44,15.16,13.16,11.02,11.76,9.74,12.78,13.28,12.58,11.47,10.01,10.77,10.19,10.34,11.46,12.51
1984,9,-0.82,0.26,5.33,0.86,-2.53,-1.42,0.45,1.21,2.49,-5.49,0.42,1.95,1.65,3.41,-3.97,1.83,1.89,2.07,3.44,-1.47,-1.39,0.58,1.41,4.43,-2.78,-1.6,-0.62,1.78,3.31
1984,10,-1.01,-1.21,0.5,1,-3.83,-1.27,-2.2,-1.43,-0.99,-2.84,-1.86,-0.26,1.14,0.96,-1.8,-0.61,1.57,-1.61,1.22,-0.33,0.13,0.73,-0.09,1.72,0.88,2.7,1.27,-0.33,-1.59
1984,11,-1.8,-0.66,4,0.73,-5.78,-4.07,-1.3,-1.45,-1.11,-5.79,-2,-0.39,-0.1,0.98,-4.09,0.62,1.19,1.32,1.91,-3.36,-0.79,-0.87,0.59,1.99,-2.46,-0.96,-1.55,-0.73,1.35
1984,12,1.73,-0.56,-0.1,0.64,0.55,0.73,1.06,0.45,0.84,2.02,2.1,1.76,2.6,3.13,4.41,3.48,0.93,1.61,1.94,3.2,1.96,2.16,2.85,3.47,2.58,2.41,2.78,3.24,1.18
1985,1,7.92,3.25,-5.34,0.65,15.94,14.64,10.78,10.02,8.67,16.15,12.63,9.08,9.95,8.86,13.77,10.36,9.89,8.84,7.9,12.22,12.82,8.54,8.32,6.31,9.54,8.03,7.59,7.03,4.22
1985,2,1.11,0.81,-0.14,0.58,3.73,5.09,3.35,2.84,3.87,2.98,3.25,2.52,1.99,1.04,2.09,1,1.38,1.8,-0.65,2.6,-0.83,1.9,2.51,1.11,0.19,2.62,1.45,2.6,2.76
1985,3,-0.79,-1.09,4.01,0.62,-2.71,-3.01,-1.41,-1.32,-0.26,-4.53,-3.34,-0.82,0.37,3.11,-4.37,-1.31,-1.98,0.91,3.73,-2.81,-2.09,0.02,0.59,4.61,-1.56,0.86,-0.69,1.03,1.58
1985,4,-0.94,0.15,3.69,0.72,-2.18,-1.72,0.12,0.46,0.46,-3.14,-1.12,-0.33,2.51,0.91,-1.32,-1.35,-0.5,2.51,1.36,-1.32,-3.11,0.49,0.97,0.93,-1.68,-2.33,-1.25,1.22,2.99
1985,5,4.92,-2.29,-0.89,0.66,2.42,4.01,3.86,2.74,1.18,4.11,3.98,3.23,5.59,2.78,6.29,5.47,3.18,4.61,4.04,6.62,5.89,5.65,4.22,6.59,5.7,7.58,8.7,5.59,4.6
1985,6,1.16,0.5,0.44,0.55,0.6,0.43,0.81,1.35,2.07,0.72,2.39,2.52,3.27,3.83,2.57,1.72,4.34,2.77,3.15,1.81,1.9,2.36,3.52,0.91,0.67,2.77,1.46,0.17,2.45
1985,7,-0.65,2.84,-1.64,0.62,2.35,3.07,2.52,1.5,2.6,3.26,3.55,5.07,-0.15,0.45,1.22,2.68,1.62,0.99,2,-0.41,0.41,1.27,-2.11,0.71,0.59,-0.37,-1.62,-1.56,-2.35
1985,8,-1.03,-0.36,2.17,0.55,-1.55,-1.11,-0.65,0.17,-1.4,-2.08,-0.9,0.77,0.32,-0.07,-2.45,-0.91,0.13,-0.45,0.28,-1.68,-0.38,0.95,-0.27,0.26,-1.79,-0.02,-0.42,0.3,0.77
1985,9,-4.58,-1.62,1.21,0.6,-8.1,-5.75,-4.97,-4.01,-3.98,-7.53,-6.09,-3.3,-3.7,-6.21,-6.87,-4.26,-3.19,-3.92,-3.17,-5.21,-3.89,-4.8,-6.35,-4.9,-3.63,-2.48,-1.88,-3.19,-4.12
1985,10,3.79,-1.56,0.68,0.65,0.63,1.71,3.69,3.26,1.59,3.72,4.25,4.11,5.71,2.82,4.06,4.21,4.32,2.29,2.78,5.67,5.31,4.11,5.5,5.58,3.71,4.45,4.62,5.87,6.38
1985,11,6.31,0.17,-2.88,0.61,5.45,6.48,6.48,5.01,4.75,9.34,6.88,8.18,7.14,6.75,7.66,7.41,5.9,6.6,6.51,8.59,7.08,8.43,5.5,5.48,10.01,8.21,7.89,4.01,4.71
1985,12,3.66,-0.41,-1.46,0.65,3.63,5.4,4.06,4.05,3.37,5.15,4.41,5.07,3.94,1.12,5.71,4.61,2.41,2.71,5.26,3.4,4.57,2.89,4.97,5.18,6.89,3.73,4.9,3.02,4.4
1986,1,0.42,1.16,0.52,0.56,3.98,2.09,2.24,2.02,2.84,0.92,1.62,1.39,0.22,2.73,1.85,2.85,1.38,2.57,2.82,1.07,0.75,1.95,2.72,3.53,0.36,1.37,1.88,-1.39,1.41
1986,2,6.72,-0.51,-0.64,0.53,5.86,6.5,6.56,8.23,5.29,7.7,6.86,6.68,9.58,5.29,6.9,9.47,8.01,7.16,6.18,7.96,9.36,7.05,7.26,7.68,7.56,10.14,8.69,6.55,7.2
1986,3,4.79,-0.54,-0.48,0.6,4.68,5.53,4.94,4.75,6.42,3.8,5.16,5.87,5.07,6.37,4.93,7.28,5.52,5.55,5.59,5.57,5.32,6.97,4.05,4.63,5.98,7.3,5.2,4.84,4.56
1986,4,-1.31,2.77,-2.91,0.52,2.82,2.14,1.41,0.34,0.38,2.13,2,0.14,0.86,-1.99,2.13,2.25,1.11,0.59,-1.45,2.02,-0.37,-1.52,-2.51,-4.87,0.34,-1,-2.19,-2.85,-2.74
1986,5,4.59,-1.23,-0.11,0.49,4.26,3.34,4.1,3.84,4.04,3.36,2.54,5.24,4.26,2.98,6.19,4.32,5.9,5.48,3.25,6.2,3.97,5.76,4.41,4.43,5.16,6.25,3.29,6.57,5.55
1986,6,0.9,-0.89,1.37,0.52,0.17,-1.46,-0.17,1.24,2.27,0.62,0.05,2.6,1.65,2.57,1.05,-0.63,2.26,0.38,2.42,1.58,1.11,0.06,3.77,1.4,2.16,2.08,1.04,0.55,2.93
1986,7,-6.49,-3.44,4.73,0.52,-10.13,-8.98,-8.04,-6.1,-8.97,-11.42,-10.02,-8.8,-4.71,-6.78,-9.92,-7.98,-8.08,-5.85,-5.78,-8.86,-7.43,-7.18,-4.59,-4.47,-7.09,-5.94,-4.76,-2.42,-2.71
1986,8,6.16,-4.18,3.52,0.46,0.3,0.67,2.06,1.89,1.73,2.45,4.39,3.98,5.65,4.68,4.34,3.48,6.05,7.25,8.69,4.48,6.66,7.15,10.19,9.46,4.53,6.51,6.17,10.31,10.77
1986,9,-8.35,2.32,3.23,0.45,-8.16,-6.25,-5.47,-4.46,-2.93,-8.64,-6.31,-4.81,-2.72,-5.95,-7.99,-7.84,-4.56,-4.76,-5.4,-9.48,-5.8,-7.05,-6.73,-5.91,-10.35,-10.92,-7.73,-8.07,-6.39
1986,10,4.47,-2.56,-1.39,0.46,2.03,2.48,2.15,3.27,0.94,6.32,4.16,3.47,3.15,1.58,5.72,2.47,1.17,2.35,2.17,5.63,6.39,5.71,5.81,4.24,4.99,7.01,6.66,4.67,5.96
1986,11,1.12,-1.96,-0.14,0.39,-2.31,0.22,0.46,-0.12,1.26,0.31,0.51,-0.47,-2.27,-0.2,0.14,0.27,-1.22,1.45,-0.57,1.04,1.39,1.66,-0.95,1.14,2.66,1.85,2.68,2.54,1.59
1986,12,-3.13,0.07,0.29,0.49,-5.63,-1.91,-3.89,-1.59,-3.36,-3.06,-2.07,-3.27,-3.48,0.57,-2.6,-1.87,-3.65,-1.97,-1.06,-4.44,-3.01,-2.91,-2.61,-3.3,-1.7,-2.52,-4.17,-2.82,-2.93
1987,1,12.43,-1.71,-3.1,0.42,10.98,9.64,11.58,9.91,9.6,13.65,12.47,10.59,9.96,10.9,13.92,13.43,8.81,10.65,9.59,13.87,12.34,10.07,12.3,11.61,13.38,16.5,11.66,12.43,11.98
1987,2,4.36,3.43,-5.9,0.43,10.57,8.66,6.91,6.94,6.6,9.68,9.19,6.43,5.83,5.61,8.91,8.18,5.11,4.11,4.27,7.45,6.68,6.67,3.2,2.62,8.14,5.92,3.2,-0.46,-1.02
1987,3,1.89,0.39,1.63,0.47,1.66,3.43,2.42,3.62,5.13,0.81,3,1.53,2.86,3.14,0.25,1.53,1.1,2.47,3.49,1.8,1.74,1.76,2.05,-1.28,1.59,2.21,0.51,3,4.79
1987,4,-2.14,-1.68,-0.23,0.44,-2.21,-2.64,-2.23,-0.69,-1.22,-3.94,-2.47,-2.95,-3.79,-4.83,-2.14,-2.31,-4.55,-2.04,-2.71,-3.8,-2.26,-2.42,-2.02,-1.58,-1.38,-1.19,-2.08,-0.85,-0.35
1987,5,0.13,-0.46,0.23,0.38,-0.21,-1.51,0.21,0.59,3.33,-1.13,-0.1,-0.04,0.4,0.51,0.89,0.08,-0.49,0.8,0.47,2.15,0.45,-0.35,-0.49,0.81,1.89,-0.55,-0.3,0.78,0.52
1987,6,3.89,-2.1,1.15,0.48,-0.17,1.61,2.67,2,4.22,1.69,3.1,3.68,3.01,4.2,1.99,2.17,5.57,5.07,3.33,4.63,3.22,4.43,4.1,3.72,4.71,5.42,6.03,5.06,5.37
1987,7,3.96,-0.61,0.77,0.46,1.83,1.99,2.16,2.76,5.34,2.3,1.79,3.57,3.6,5.69,2.3,4.48,4.2,3.44,8.12,3.79,4.98,4.97,4.24,4.88,6.06,3.14,6.24,2.56,3.1
1987,8,3.24,-0.79,-1.01,0.47,0.62,2.41,2.85,2.83,0.31,2.77,3.37,4.14,2.42,4.01,3.66,3.96,4.04,3.71,0.41,4.74,4.13,3.34,3.42,1.93,4.83,5.25,3.51,4.72,2.63
1987,9,-2.53,0.57,0.3,0.45,-2.86,-0.58,-0.77,-0.62,-1.22,-2.1,-2.4,-0.8,-0.67,-2.58,-3.44,-2.24,-1.88,-2.47,-1.15,-2.18,-1.41,-2.56,-1.93,0.3,-2.17,-4.06,-0.03,-1.93,-2.9
1987,10,-23.13,-8.4,4.18,0.6,-34.15,-30.94,-28.69,-29.06,-28.6,-32.82,-31.56,-27.75,-26.17,-28.97,-29.52,-29.27,-24.47,-23.1,-26.54,-25.94,-29.14,-24.67,-18.18,-23.84,-21.64,-22.4,-21.93,-14.88,-18.99
1987,11,-7.58,2.62,3.13,0.35,-8.36,-4.79,-4.81,-4.83,-3.57,-7.15,-5.15,-3.74,-3.28,-2.88,-7.29,-2.83,-2.71,-3.37,-4.17,-6.2,-6.08,-6.27,-4.49,-2.08,-9.64,-8.21,-8.32,-7.61,-7.55
1987,12,6.64,0.2,-4.36,0.39,2.88,4.9,5.82,4.8,3.46,11.63,10.15,7.55,6.18,5.03,12.06,9.94,6.22,4.73,6.83,12.5,11.03,9.04,4.15,3.45,8.36,7.28,8.07,3.24,6.26
1988,1,4.2,-0.71,5.13,0.29,5.79,7.11,4.31,5.02,6.25,1.74,3.04,5.2,4.22,6.87,1.48,3.32,4.22,7.83,6.73,0.24,4.7,4.61,6.21,6.23,2.28,1.58,5.22,8.84,8.8
1988,2,4.71,3.36,-1.61,0.46,6.06,8.06,7.45,7.47,7.62,8.4,11.52,9.05,7.72,7.93,8.67,8.27,7.02,7.06,6.43,8.5,9.42,6.21,5.01,6.31,4.58,5.39,4.78,1.79,2.77
1988,3,-2.1,6.2,0.78,0.44,4,6.15,5.52,5.43,5.06,2.32,7.1,3.68,3.33,4.62,2.83,1.3,1.25,-0.27,0.6,-0.97,1.22,-0.12,-0.25,4.58,-4.59,-4.26,-3.84,-3.73,-1
1988,4,0.64,0.94,1.67,0.46,1.02,1.46,2.42,1.22,4.09,2.09,4.12,3.08,1.64,2.32,-0.8,0.29,1.69,0.42,1.42,-0.03,0.77,1.36,-0.84,0.9,-0.78,1.01,1.43,2.37,2.37
1988,5,-0.47,-2.68,2.23,0.51,-3.63,-2.2,-0.73,-1.92,-1.07,-4.42,-2.16,-2.38,-1.39,-0.9,-0.67,-1.73,-1.34,1.6,0.85,-0.77,-0.6,-0.61,2.52,0.93,0.08,0.36,-0.3,2.21,2.6
1988,6,4.66,2.04,-1.21,0.49,6.52,6.31,6.11,6.1,5.1,7.45,10.65,8.39,5.32,8.38,6.66,7.51,6.5,6.07,5.24,7.35,6.88,6.49,3.92,8.44,4.18,7.16,5.56,3.06,3.04
1988,7,-1.24,-0.18,2.28,0.51,-1,-0.36,-0.96,0.87,-1.12,-2.51,-2.37,0.02,0.57,1.18,-4.36,-2,-1.48,-0.11,-0.28,-3.36,-3.48,0.47,-1.32,0.3,-0.89,-1.07,0.46,-0.01,0.93
1988,8,-3.39,0.12,2.09,0.59,-4.26,-2.56,-1.16,-1.26,-1.94,-3.92,-3.89,-2.04,-0.47,-1.68,-4.22,-2.54,-2.16,0.08,-0.94,-3.92,-3.16,-0.67,-0.06,0.66,-2.72,-5.27,-2.4,-1.49,-3.1
1988,9,3.1,-1.31,-0.72,0.62,1.23,2.78,2.92,1.57,2.56,2.71,2.56,2.75,2.74,3.09,3.99,2.39,2.42,1.49,2.91,4.62,1.18,3.42,2.09,4.87,5.7,5.3,1.81,4.15,3.98
1988,10,1.15,-2.97,1.6,0.61,-3.08,-1.76,-1.07,-2.3,-1.55,-2.6,-0.85,0.42,-0.05,-0.54,-1.61,0.53,0.9,0.71,2.54,-1.61,0.95,0.54,1.23,2.28,1.84,5.53,1.49,2.41,4.34
1988,11,-2.21,-1.76,1.27,0.57,-4.92,-4.82,-3.44,-3.14,-4.28,-4.25,-3.04,-1.96,-3.24,-2.03,-2.99,-2.4,-3.93,-0.65,-1.63,-1.57,-2.56,-3.28,-1.73,-0.72,-1.88,-1.12,-1.71,-0.66,0.34
1988,12,1.48,1.92,-1.58,0.63,1.83,4.17,3.39,4.61,2.62,5.17,4.17,3.81,5.03,2.69,4.52,3.45,3.66,2.27,2.69,3.31,3.02,1.5,1.87,-0.7,2.62,2.11,1.81,0.57,0.42
1989,1,6.06,-2.19,0.47,0.55,5.34,5.9,4.25,4.16,5.24,3.5,5.72,4.69,3.84,7.13,4.74,5.63,5.21,3.85,5.49,4.62,5.62,6.02,6.37,8.18,7.83,6.89,6.51,6.35,8.26
1989,2,-2.25,2.77,0.87,0.61,-1.46,0.44,0.68,1.54,1.93,1.14,1.83,1.34,0.58,1.4,-0.1,0.67,0.38,1.21,-0.02,-0.26,-0.01,-0.83,0.35,1.06,-3.09,-2.87,-2.59,-1.71,-2.58
1989,3,1.48,0.74,0.48,0.67,1.12,2.74,4.5,2.8,3.25,1.96,2.56,2.24,1.73,3.09,2.19,1.25,1.56,3.24,2.48,-0.31,1.59,2.91,0.95,2.85,3.02,0.49,3.94,2.81,1.19
1989,4,4.15,-0.53,-1.38,0.67,3.16,3.22,3.66,2.45,3.04,4.55,5.54,4.83,2.52,6.03,5.31,4.62,4.79,4.15,3.88,6.31,5.29,4.11,5.24,5.65,6.11,5.27,4.54,4.74,3.67
1989,5,3.14,-0.04,-0.86,0.79,2.93,5.31,2.16,3.99,3.49,4.9,3.26,4.3,3.56,3.8,5.64,4.79,3.94,4.08,4,4.4,2.86,3.19,4.44,6.07,4.69,3.26,4.47,4.33,3.33
1989,6,-1.2,-0.99,2.17,0.71,-3.19,-1.66,-2.31,0.4,0.54,-4.81,-1.91,-0.34,-0.81,-1.7,-3.3,-1.36,-1.48,0.32,2.22,-2.17,-1.3,0.49,1.92,3.52,-0.52,-0.42,-1.44,-0.47,0.79
1989,7,7.01,-4.03,-2.69,0.7,2.74,4.97,2.21,3.49,1.68,5.69,4.71,3.26,3.76,3.32,5.3,5.12,3.51,4.84,3.77,8.53,8.77,6.17,6.04,7.3,11.56,9.52,6.98,7.53,6.68
1989,8,1.47,0.55,0.59,0.74,2.08,0.15,0.72,2.59,1.55,3.67,2.96,3.2,3.58,2.45,3.02,2.83,5.06,3.19,2.08,3.75,3.75,3.09,3.67,1.57,-0.11,2.34,2.76,1.93,2.79
1989,9,-0.8,0.35,-1.26,0.65,1.3,-0.5,-0.47,0.86,-0.26,2.53,-0.2,1.01,0.64,-0.91,1.49,-1.31,-1.41,-0.28,-1.36,0.27,-2.87,-3.34,-0.94,0.63,1.16,-0.92,0.15,0.7,-0.37
1989,10,-3.61,-3.19,-1.04,0.68,-5.03,-5.51,-4.8,-4.39,-6.77,-4.93,-7.06,-5.02,-5.83,-7.06,-3.93,-6.11,-6.25,-5.22,-4.79,-2.87,-3.63,-7.87,-3.01,-4.37,0.13,-3.56,-2.85,-3.18,-0.07
1989,11,1.09,-1.23,-1.12,0.69,-0.67,0.19,-0.72,0.03,-1.16,0.31,1.7,0.51,1.55,-1.09,1.91,1.86,0.01,1,2.55,2.3,1.84,0.56,0.15,0.93,1.97,2.48,2.64,1.3,1.06
1989,12,1.22,-2.31,0.34,0.61,-0.86,-0.8,-1.01,-0.8,-1.54,1.2,-0.25,0.76,0.95,1,0.05,0.84,-1.36,1.77,0.33,2.59,1.97,1.34,1.54,2.23,0.69,1.02,4.53,4.94,1.05
1990,1,-7.58,-1.25,0.83,0.57,-8.34,-7.43,-4.79,-6.83,-6.05,-9.61,-9.22,-7.02,-8.04,-8.9,-9.35,-9.1,-7.47,-7.01,-7.67,-6.99,-5.66,-7.77,-9.01,-9.15,-7.61,-5.81,-7.17,-7.25,-5.79
1990,2,0.92,1.11,0.67,0.57,2.1,2.06,1.1,3.48,1.52,3.45,3.72,2.78,3.55,3.22,3.35,3.58,1.97,1.64,3.18,1.6,1.64,1.4,1.5,3.54,-0.11,1.83,2.41,1.38,2
1990,3,1.77,1.51,-2.89,0.64,4.38,2.66,2.3,3.66,1.47,4.93,4.36,4.81,3.13,1.62,4.91,2.88,2.77,1.3,-0.2,3.76,4.12,1.97,1.93,-0.07,3.95,3.85,0.3,0.65,1.04
1990,4,-3.52,-0.45,-2.41,0.69,-2.59,-2.48,-1.79,-2.53,-3.24,-4.07,-3.56,-2.35,-2.84,-5.21,-2.47,-2.01,-3.36,-5.63,-5.97,-2.78,-3.94,-6.49,-5.12,-6,0.47,-1.36,-3.93,-4.11,-4.22
1990,5,8.21,-2.48,-3.65,0.68,8.3,6.44,5.86,4.34,3.72,10.71,8.72,5.75,5.56,4.26,9.27,8.64,7.1,5.38,6.37,10.98,7.79,10.21,7.19,8.8,11.59,11.1,7.62,6.39,7.88
1990,6,-1.05,1.39,-2.17,0.63,1.14,2.64,2.38,0.51,-0.31,0.15,0.98,-1.16,-0.12,-1.31,2.01,0.42,-0.3,-1.92,-0.59,0.53,-1.8,-1.79,-1.45,-0.64,3.41,-2.1,-2.44,-3.45,-0.22
1990,7,-1.62,-3.2,-0.07,0.68,-4.56,-5.18,-3.09,-3.17,-4.27,-5.18,-4.25,-4.35,-2.58,-4.58,-4.34,-1.97,-3.28,-4.86,-4.51,-2.2,-1.8,-3.38,-2.11,-2.18,-0.95,-1.22,2.2,-1.37,-2.03
1990,8,-9.85,-3.53,1.48,0.66,-16.46,-14.45,-12.42,-11.14,-12.49,-14.55,-13.51,-12.62,-10.4,-11.67,-13.43,-13.48,-10.75,-8.88,-9.99,-9.69,-11.57,-10.67,-8.52,-9.91,-8.56,-10.21,-6.62,-9.6,-10.58
1990,9,-5.98,-3.65,0.66,0.6,-10.57,-9.44,-7.75,-7.12,-8.65,-9.86,-9.77,-8.52,-6.73,-8.16,-9.11,-7.25,-6.46,-8.13,-8.19,-5.71,-6.47,-9.55,-7.09,-6.98,-5.14,-5.27,-1.48,-6.52,-7.41
1990,10,-1.93,-5.54,0.25,0.68,-6.4,-6,-6.71,-5.28,-7.18,-6.62,-5.76,-4.5,-4.28,-7.95,-5.35,-4.15,-3.99,-2.72,-4.98,-0.66,-3.23,-7.64,-1.62,-1.15,1.61,-1.83,-0.95,0.53,0.94
1990,11,6,0.26,-2.92,0.57,3.59,4.87,4.45,2.64,1.05,11.89,5.8,7.03,7.19,4.65,10.68,9.32,7.46,7.78,7.22,9.15,8.03,11.18,9.16,5.83,6.44,7.86,5.86,6.16,4.35
1990,12,2.35,0.77,-1.51,0.6,0.27,-0.3,0.51,2.38,0.39,4.4,5.37,4.51,3.99,4.18,6.46,4.36,3.84,3.61,3.04,3.96,4.11,4.35,4.21,3.63,3.24,3.75,1.62,2.43,0.81
1991,1,4.39,3.81,-1.68,0.52,7.94,7,10.6,8.83,11.13,10.05,6.69,7.22,6.82,9.41,9,8.61,6.61,8.08,3.73,8.35,3.92,8.16,4.16,5.28,5.17,6.12,1.76,5.93,3.96
1991,2,7.1,3.9,-0.6,0.48,14.01,12.16,13.14,12.7,11.85,12.09,10.45,10.16,7.95,13.87,9.64,10.97,7.91,8.64,8.57,8.77,9.22,9.37,7.98,5.9,8.1,7,5.18,6.04,7.96
1991,3,2.45,3.92,-1.18,0.44,10.4,8.46,8.01,6.05,7.75,7.81,5.18,5.63,6.43,6.92,7.36,2.68,2.23,4.86,5.98,4.95,3.97,3.02,3.91,2.9,4.53,1.84,0.2,1.77,1.19
1991,4,-0.2,0.57,1.4,0.53,1.05,0.9,1.26,0.63,0.64,-1.42,1.41,0.96,1.52,1.58,-2.62,-0.72,2.98,2.44,1.43,-0.9,0.14,3.76,1.74,-0.12,0.03,0.03,-0.01,1.57,-0.16
1991,5,3.6,-0.35,-0.6,0.47,2.43,4.4,4.6,3.17,3.27,5.4,3.03,5.69,3.41,3.62,3.75,6.37,4.83,4.49,0.37,6.59,2.75,6.06,4.18,5.2,3.96,5.29,1.68,4.25,6.9
1991,6,-4.82,0.08,1.23,0.42,-7.2,-3.83,-3.79,-4.01,-3.78,-5.18,-5.08,-3.16,-2.77,-5.76,-4.85,-4.49,-3.44,-2.21,-4.61,-5.24,-4.42,-5.75,-3.3,-3.46,-4.32,-5.72,-3.68,-5.06,-3.96
1991,7,4.19,-0.86,-1.25,0.49,2.6,4.13,2.31,3.23,2.58,4.29,3.34,3.42,3.53,2.51,5.98,4.21,4.02,4.21,6.71,5.94,3.94,2.3,4.73,7.62,6.43,3.01,4.82,4.74,0.81
1991,8,2.22,1.61,-0.76,0.46,3.88,4.52,2.96,1.37,2.62,4.09,3.57,3.66,3.43,3.13,5.24,4.1,2.45,4.44,6,1.6,2.21,3.18,2.96,3.12,4.33,0.59,2.81,1.22,1.76
1991,9,-1.56,1.68,-1.03,0.46,4.27,2.49,0.56,-0.16,-1.11,0.55,0.81,2.21,0.81,-2.13,-0.12,-0.65,-0.71,0.89,-3.1,-0.29,-1.7,-1.1,0.22,-0.81,-2.08,-1.24,-0.98,0.48,-3.83
1991,10,1.36,0.82,-0.41,0.42,7.16,4.03,1.41,3.89,1.31,2.49,0.92,3.32,0.5,1.39,2.7,1.28,1.24,2.8,3.87,2.56,0.32,1.33,2.67,3.67,1.47,1,2,3.16,0.49
1991,11,-4.12,-0.56,-1.78,0.39,-1.77,-3.71,-4.49,-2.99,-2.81,-4.98,-5.85,-2.81,-5.18,-6.67,-3.5,-4.76,-4.01,-4.93,-5.91,-2.34,-4.84,-3.91,-2.84,-6.24,-1.23,-5.5,-5.51,-3.79,-8.33
1991,12,10.3,-2.35,-3.92,0.38,6.39,4.05,5.31,4.25,4.89,11.24,7.01,5.59,6.21,8.29,14.17,10.79,7.34,9.28,11.29,13.29,8.53,10.41,8.47,11.06,15.39,8.95,8.29,7.02,12.86
